{"cost_function_value": [0.9402629412748306, 0.8875148886083654, 0.8618891838711773, 0.7403630728395642, 0.7091666419194207, 0.6671754716693341, 0.6528948025280741, 0.6304964575537876, 0.6072112690514857, 0.596677212231633, 0.5900329076438565, 0.5803893269309478, 0.5773686481565554, 0.5604603306576472, 0.5504821555338033, 0.5420903334586903, 0.5251580054725516, 0.5201997218871511, 0.5113702286669187, 0.5070185893794882, 0.503336143984878, 0.4927742515171941, 0.48476906699663685, 0.4721796238155479, 0.46852904191743794, 0.4528597268059011, 0.45033805204242133, 0.4494647181435597, 0.446847383688499, 0.4458257249271889, 0.445312809587919, 0.44512168157985293, 0.4446727303861327, 0.4433439412709997, 0.43889726467353185, 0.438049171882476, 0.43748504061438737, 0.43736704499058654, 0.4372660643809526, 0.43676236347706915, 0.4363923790278412, 0.4362122027319814, 0.43617962703308677, 0.4360967598691259, 0.43603760028183736, 0.43601355028835703, 0.43596824785973404, 0.4357852793795702, 0.4357031079096315, 0.4354329070719253, 0.4352334061882565, 0.43517621500802234, 0.4351246657316652, 0.4351124047395781, 0.43509720990513034, 0.43504628394965855, 0.4349958371660891, 0.4349555600193431, 0.434933952125396, 0.4349278528965138, 0.4349189186998074, 0.4349076618665819, 0.43489501880147513, 0.4348825373807481, 0.4348671189580878, 0.43486323869957505, 0.43485705691909726, 0.4348172794247408, 0.43481283581702745, 0.43480858639996667, 0.4347975272633649, 0.43479456487748774, 0.43479222401945516, 0.43478965662684566, 0.43478625724806125, 0.4347700062441453, 0.4347654392337846, 0.43476517704080403, 0.43476458087015385, 0.4347625706083189, 0.4347587756128339, 0.4347517975269327, 0.4347490524469944, 0.43474119039920867, 0.43474037882542055, 0.43474009508200484, 0.43473958809357466, 0.43473718039684395, 0.4347338024946347, 0.43473202038969183, 0.43472738892003726, 0.4347257127754975, 0.43472507313506825, 0.4347248892641505, 0.434722260385687, 0.43471877957294236, 0.4347179944486438, 0.4347166925362979, 0.4347162485526288, 0.4347119118164287, 0.43470978935651383], "gradient_norm": [1.0, 0.8331214585732938, 3.1577281265648787, 0.45639342428177787, 0.2796686890918851, 0.6724234686457806, 0.8083419211150722, 0.6999943849041971, 0.33235235822623915, 0.7469056671332412, 0.12826221457019277, 0.13920891161145196, 1.7060180981305333, 0.2702249165608548, 0.597118820584477, 1.0374740976439059, 0.12782858732172034, 0.8565246366122351, 0.2686186443540737, 0.42853580058259355, 0.6177512043167024, 0.5098861051573573, 0.8360371443765526, 1.1639913495549539, 0.9183097994132808, 0.1560945005474453, 0.18781094098793613, 0.20518850615981038, 0.24035048137737514, 0.10111190386552643, 0.10354364887002143, 0.05498319025653822, 0.033561964072293095, 0.033463735881589726, 0.027771710702770132, 0.2026229367475298, 0.023835772387870255, 0.029140869787731498, 0.02948976564407925, 0.18044112544728103, 0.02186934779920389, 0.02714187340461731, 0.01000448720541735, 0.03158588326093025, 0.012451993095081432, 0.01677029471565607, 0.01429460186465986, 0.016855105538728307, 0.04495054698589616, 0.02025912052141103, 0.0549209115640008, 0.022139115452414777, 0.010853682475843793, 0.008207801253440866, 0.006802797021424297, 0.01940535210064395, 0.014386979782805422, 0.02462723305477969, 0.010347554432347068, 0.005276194429458157, 0.003913168583580058, 0.013799797964731964, 0.015915503404182352, 0.03242464656256258, 0.005995207853380518, 0.0037120331632808723, 0.00312768651727068, 0.008359383578050288, 0.007496880719390416, 0.02107730523262445, 0.004246413215787825, 0.0031571977698521955, 0.007078253893096015, 0.006155053591621034, 0.006323591181723458, 0.014967515937004601, 0.0019931037190487927, 0.0021397541140261234, 0.0031612999573125606, 0.006268806032478191, 0.009539297970112718, 0.010599168952758498, 0.019080977053177583, 0.003397769379369885, 0.0011335159120662726, 0.001186966714943146, 0.0019277111651432206, 0.004590725349884279, 0.005778390645149792, 0.013713711477600926, 0.005758344875531478, 0.002162200770048772, 0.0011430932640639122, 0.0011179598495401927, 0.008098007335762646, 0.006777947629741515, 0.0023897153990153045, 0.0010327487694137135, 0.0010011002074464181, 0.001675783246178704, 0.001675783246178704], "stepsize": [1.0, 0.005, 0.5, 1.0, 1.0, 1.0, 1.0, 1.0, 1.0, 0.25, 1.0, 1.0, 0.25, 1.0, 1.0, 1.0, 1.0, 1.0, 1.0, 0.5, 1.0, 1.0, 0.5, 1.0, 0.5, 1.0, 0.5, 1.0, 1.0, 1.0, 1.0, 1.0, 1.0, 1.0, 0.25, 0.03125, 0.5, 1.0, 1.0, 1.0, 1.0, 1.0, 0.125, 1.0, 1.0, 1.0, 0.5, 1.0, 0.25, 1.0, 0.5, 1.0, 1.0, 0.5, 1.0, 1.0, 1.0, 1.0, 1.0, 1.0, 1.0, 1.0, 1.0, 1.0, 0.5, 1.0, 1.0, 1.0, 0.5, 1.0, 1.0, 1.0, 1.0, 1.0, 0.5, 0.25, 1.0, 1.0, 1.0, 1.0, 1.0, 1.0, 0.5, 1.0, 1.0, 1.0, 1.0, 1.0, 1.0, 0.5, 1.0, 1.0, 1.0, 1.0, 0.5, 1.0, 0.0625, 1.0, 1.0, 1.0, 0.25], "MeshQuality": [1.0, 0.9672570752640268, 0.8476676635538742, 0.7772617030968914, 0.6997980834606542, 0.5595149237712245, 0.4971167186955191, 0.4164748062384817, 0.3958557133805524, 0.350474681708755, 0.3633739465170459, 0.3604874524221879, 0.4346519079817263, 0.4393045430994129, 0.4364180845865336, 0.5047523233138779, 0.5140061225392693, 0.39862148994662466, 0.35789852690719254, 0.27527242095214527, 0.21250399374122841, 0.16962012772834636, 0.1118625221278366, 0.05030598896570355, 0.097094818901369, 0.05430530288543426, 0.03336619412524151, 0.027374801965857398, 0.011269769219263004, 0.017604439777864227, 0.011865017205632846, 0.01248091721395051, 0.0109384996272606, 0.005689791250342834, 0.03542588520569204, 0.028719825352931314, 0.03583188077910683, 0.04187448479980747, 0.03939807714333808, 0.007432535365376026, 0.017243432856253384, 0.011386211464420419, 0.004427376651103001, 0.006726587428827463, 0.006265560522147168, 0.00485230336319449, 0.0017304550639587637, 0.0033569450193241253, 0.0021961568719815975, 0.006751842327788055, 0.019486069656376833, 0.020809091462834668, 0.03024947576223355, 0.0394696905618049, 0.042985114163983054, 0.05324702517433913, 0.07227281734348472, 0.09198800230387139, 0.09001613055410716, 0.08871130436090614, 0.08370254846712831, 0.08023347116944213, 0.07468400968804925, 0.05825100792307394, 0.04870247405815896, 0.05310884403942316, 0.052237338581674404, 0.03333930665368879, 0.03273968166172608, 0.0197248858921954, 0.02388269254327423, 0.026503493709652753, 0.026623061588183866, 0.029071955316237325, 0.02530163722015606, 0.045084159907652674, 0.042801934981433705, 0.04239415105231526, 0.04174287670871655, 0.04046787709932461, 0.038923814554122214, 0.036099942865343924, 0.03686682940834786, 0.03354939524902694, 0.034516080267466526, 0.03523220379232429, 0.03552053645203777, 0.03598023917699101, 0.03501203957493577, 0.03208483025533743, 0.02900800126030448, 0.02682838260185233, 0.025655077623754727, 0.02559005973199204, 0.02017697982215229, 0.02256176037263533, 0.02035722794767151, 0.022188057325009117, 0.021975558515718297, 0.015943050195438593, 0.008462725671988983], "state_solves": 130, "adjoint_solves": 100, "iterations": 100}