{"cost_function_value": [0.9402629412748306, 0.8872662980139591, 0.8210363069576301, 0.756987953306213, 0.6983906422515901, 0.6503662757328756, 0.6132675941913418, 0.5754427608443663, 0.5264634907519413, 0.5178534216521626, 0.49312337916891874, 0.4854746727725785, 0.47328417495850117, 0.45379792600427, 0.4475927066538666, 0.44326045528794655, 0.43559268874765317, 0.43488377290250746, 0.43427052952272743, 0.4340396718841876, 0.4338916233163399, 0.43344513159769665, 0.433403014223128, 0.4333988416346434, 0.4332745455311992, 0.43323672574034683, 0.43320739448514833, 0.433107916891323, 0.4331021163152069, 0.43307261457041857, 0.43305992793171294, 0.4330563036005341, 0.4330365934548535, 0.43303016042978654, 0.4330266304905574, 0.4330151166523479, 0.43300790064260997, 0.4329982838183527, 0.4329947929437048, 0.43297968222964434, 0.43297220689610516, 0.43296520993940274, 0.4329588115617899, 0.43295738074189866, 0.43295645609065664], "gradient_norm": [1.0, 0.8260093938669566, 0.5803688634097195, 0.39491459603032397, 0.257135469151619, 0.1581191648447754, 0.10791159397246078, 0.08797482010397004, 0.10509907645601332, 0.1758102029071583, 0.09471910551493617, 0.1448985237812497, 0.1880619009694792, 0.08710509681247242, 0.05167077199549428, 0.058115700583936586, 0.0269022089120932, 0.026178755958935165, 0.009586634890619146, 0.009324251613161604, 0.010402513620103027, 0.0076348097205479115, 0.009329826832708119, 0.01207541343198656, 0.003977660394621717, 0.00423967147791207, 0.004877599288521306, 0.004499525975792902, 0.005774212788099246, 0.002172261605095887, 0.0022587088942437614, 0.005315967980738451, 0.0023394446403308938, 0.0028016984467840378, 0.0035530905118292227, 0.0014385901850425117, 0.0012365152572797577, 0.0014051863079013996, 0.0016048599317087717, 0.0007492183850154354, 0.0006037800416962997, 0.0015535875770974722, 0.001248423694101624, 0.0005114789025720628, 0.00045185182390898923], "stepsize": [0.005, 0.005, 0.01, 0.02, 0.04, 0.08, 0.16, 0.32, 0.64, 0.32, 0.16, 0.32, 0.32, 0.16, 0.16, 0.32, 0.32, 0.32, 0.16, 0.32, 0.32, 0.64, 0.32, 0.32, 0.16, 0.32, 0.32, 0.64, 0.32, 0.16, 0.32, 0.64, 0.16, 0.32, 0.32, 0.16, 0.32, 0.64, 0.32, 0.64, 1.28, 2.56, 0.32, 0.16, 0.32], "MeshQuality": [1.0, 0.9672570752350346, 0.9099144493908893, 0.8502654579572163, 0.820549897420286, 0.812634486597196, 0.8115226992421599, 0.8089351225320645, 0.7432416193489207, 0.6857152255080814, 0.6092992032395028, 0.5107614780497443, 0.3383982269998672, 0.2979666826435313, 0.2691290532229623, 0.20542547120367124, 0.07373924738106652, 0.07095208290827738, 0.07258752743434597, 0.07265474467552571, 0.07379902884392585, 0.0388098386370912, 0.05274189878300427, 0.05811996011149789, 0.05984247833994247, 0.061464459563609616, 0.06232370726006552, 0.06328634188667569, 0.062404479793245024, 0.0618466060443336, 0.06133622833975057, 0.0602542207583261, 0.06043972464738151, 0.059974282219116416, 0.05981878364283573, 0.05952210438057594, 0.05913387725308098, 0.05843856209513787, 0.057990610226384236, 0.056350216666902646, 0.054611204767481, 0.050658172195086046, 0.04023191247779076, 0.04005852172530418, 0.039534024391519894], "state_solves": 78, "adjoint_solves": 45, "iterations": 44}