{"cost_function_value": [0.9420604487266796, 0.8499112630572548, 0.6824214384722658, 0.6595814951156055, 0.605175367024544, 0.579717971500175, 0.5523754615689851, 0.5054396759920734, 0.4865910161413818, 0.48341189037854515, 0.482382340033408, 0.48197799942771913, 0.4819404334161231, 0.4626342701096114, 0.4625741013547188, 0.4407071196261194, 0.44070090211875856, 0.4378892807497299, 0.4378582296001554, 0.4374162411515368, 0.43735739722305234, 0.43715588081295903, 0.43702431806322206, 0.436361180383719, 0.43598006858676086, 0.43350268507589235, 0.4334817255481359, 0.43331364867429967, 0.4332593002225202, 0.43323496177305576, 0.4331751821658083, 0.4331165391256016, 0.43310896642337054, 0.43308352049987064, 0.4330370613597355, 0.43303205419270174, 0.4330011562767476, 0.4329938436977523, 0.43298897527802654, 0.43298063618461297, 0.43297777415110006, 0.4329749517944591, 0.43297471558773215, 0.4329699991564331, 0.43296883307879036, 0.43296365561859124, 0.43296265189265903, 0.43296037704532464, 0.43295992275083633, 0.4329581988574637, 0.4329580876715898, 0.43295158029012387, 0.432951417245258, 0.4329477717157905, 0.4329476897428517, 0.4329442235725718, 0.4329435755307121, 0.43293854279208205, 0.43293744507192466, 0.4329330375093313, 0.43293136281357125, 0.4329294311549585, 0.4329287663929683, 0.43292851793306375, 0.4329274552678291, 0.4329263305222072, 0.43292557440659246, 0.4329248362497305, 0.43292346500112583, 0.4329232798396654, 0.43292171852440386, 0.4329213811789246, 0.43292079574275594, 0.43291870263565746, 0.4329182162845737, 0.4329165761014794, 0.4329157010494904, 0.432914476997413, 0.43291430726976216, 0.4329110446609888, 0.43291075921717276, 0.43291069084612194, 0.4329105924623633, 0.43291049661897096, 0.43291003949047185, 0.43290957264614993, 0.4329094474202913, 0.4329092514198446, 0.4329091921810637, 0.4329090305108459, 0.4329089576141143, 0.43290864683799357, 0.4329083103420424, 0.4329058353154657, 0.43290257718204034, 0.4328985522347803, 0.4328946170351087, 0.43289295757143675, 0.4328923778158213, 0.4328922657753917, 0.43289219706216203], "gradient_norm": [1.0, 0.7210333476365751, 0.22359966633480588, 0.1773916610554242, 0.1445712142026953, 0.10199056376164677, 0.11836633716913116, 0.24183572176460413, 0.23012788303605908, 0.21751613783873114, 0.21346120719019396, 0.21188382955650517, 0.2117438813907809, 0.16299424124521, 0.16279046486588789, 0.042821192808143664, 0.04280076827826069, 0.06817662683958177, 0.06785283062837805, 0.0651963411988083, 0.06462731869081653, 0.0699948251367064, 0.06868464059514852, 0.06068503353706042, 0.05655808298805726, 0.010147902181729073, 0.009698353821110044, 0.01183313881062902, 0.007767620162460582, 0.007014518803675529, 0.004545741663738498, 0.006427385823395309, 0.005006905095636993, 0.006307796201288724, 0.0041325248670625704, 0.006321372513567612, 0.0018517307048598838, 0.0010058352466820256, 0.0009691451583170306, 0.0009954409275331132, 0.0019963639400447193, 0.0012293305910538674, 0.0026157937992579727, 0.0011367206300640948, 0.002383112771714636, 0.001281770103505275, 0.0010076667366050568, 0.0011410238767887047, 0.0013973852445539098, 0.0012511738531388594, 0.0020150212190565685, 0.0011347870270961332, 0.002234104329269284, 0.0014297842794833199, 0.0018274328991542109, 0.0003836771490206962, 0.0007918061488138926, 0.0008116185990872228, 0.0009554618160242068, 0.0007391430061352875, 0.0012741379826170976, 0.0009652890379010902, 0.001628669137945151, 0.0014973082392741918, 0.0014034997422765567, 0.0008658884322194008, 0.0004689745626273523, 0.0005581480926621919, 0.0006363868187811917, 0.001336574711248374, 0.0006260350429328435, 0.0009465924127623631, 0.0011518159700118677, 0.0004234190394245439, 0.0007183276454844735, 0.000301141824559077, 0.0005140713702277007, 0.0013420609699965602, 0.0017129134013587851, 0.0003647142374900198, 0.0008873104838276011, 0.002793763093895825, 0.00422765692893322, 0.003659694072747425, 0.0018716606118358765, 0.0006399575155305287, 0.0004565652909637785, 0.0002295791707098815, 0.0002178806703951709, 0.00037942549374616046, 0.0004655850088953501, 0.0004635148470115241, 0.0011018884309247896, 0.001747833129925011, 0.00224990472659025, 0.002181435810651491, 0.0007775820672789977, 0.0005200996764460337, 0.0004688274391056114, 0.0004633393152293409, 0.0004633393152293409], "stepsize": [0.01, 0.01, 0.02, 0.04, 0.08, 0.16, 0.32, 0.32, 0.16, 0.01, 0.0003125, 3.90625e-05, 7.8125e-05, 0.00015625, 0.0003125, 0.00015625, 0.0003125, 0.0003125, 0.000625, 0.00125, 0.0025, 0.0025, 0.005, 0.005, 0.01, 0.01, 0.02, 0.04, 0.08, 0.08, 0.16, 0.32, 0.32, 0.64, 0.64, 0.64, 0.16, 0.32, 0.64, 1.28, 0.64, 0.32, 0.64, 0.32, 0.64, 0.32, 0.16, 0.32, 0.32, 0.64, 0.64, 0.64, 0.64, 0.16, 0.32, 0.32, 0.64, 1.28, 0.32, 0.64, 0.64, 0.16, 0.08, 0.08, 0.16, 0.08, 0.16, 0.32, 0.32, 0.64, 0.32, 0.32, 0.32, 0.32, 0.32, 0.64, 1.28, 1.28, 0.32, 0.32, 0.64, 0.16, 0.04, 0.0025, 0.005, 0.01, 0.02, 0.04, 0.08, 0.16, 0.32, 0.64, 1.28, 1.28, 0.64, 0.64, 0.16, 0.32, 0.08, 0.01, 0.00125], "MeshQuality": [1.0, 0.9335850902448436, 0.7086495629275353, 0.6976320140247679, 0.6585599515022414, 0.651722883968894, 0.6556902465853514, 0.5929165601115457, 0.005343866492627445, 0.000861123197369218, 0.00019084851777540022, 4.476579022564692e-05, 4.514882736487061e-05, 0.013077144344171548, 0.013110622910213561, 0.04279280855580896, 0.04279916673400745, 0.056633186070121286, 0.05661761263157362, 0.05039967112844066, 0.05040388888432672, 0.05138904531714454, 0.05132877559178617, 0.006314418458685542, 0.0070396694196926245, 0.021325221969130018, 0.023117982976920394, 0.056016538942760326, 0.05576771285498236, 0.05448104365571496, 0.052405541205965085, 0.04669600808141007, 0.04104083615166928, 0.04233068575084711, 0.04763337251720413, 0.03775332940684302, 0.036527486738059424, 0.03411419834093933, 0.02933186280381771, 0.026125762630394563, 0.021920858265388143, 0.01728410691453918, 0.013510828616686827, 0.009421179804823005, 0.010586152262218262, 0.013406602454896228, 0.01251879423806021, 0.008420117665292812, 0.007143750286346578, 0.004031257235922908, 0.0032201253615778413, 0.0035916371274844166, 0.002604319498243411, 0.0015215496434998858, 0.0010788525094835928, 0.00025812912819020813, 0.00020663354684523943, 4.9162731075968285e-05, 9.830062907183559e-05, 0.00037572652184181477, 0.0001331150461425859, 8.572566476533938e-06, 2.1951143921792416e-06, 8.978452975903903e-06, 8.427715034560429e-05, 0.0003230542839303503, 0.0002883051344130472, 0.00021502900568633266, 4.109248530319938e-05, 9.510452789515791e-05, 0.00028596338002308415, 0.00027506657127731595, 0.00016939116113124134, 4.198865805730222e-05, 2.121840719403069e-05, 2.1082506279216964e-05, 0.00016685940917154533, 0.0005590165259259825, 0.0004728452740906209, 0.00014940014335415545, 1.7861273036400506e-05, 6.664145636387853e-07, 4.366386255183616e-07, 5.982862645740593e-07, 1.4943018449274671e-06, 7.826344501085014e-06, 1.4288641883995037e-05, 4.890034742660782e-05, 6.603333135727923e-05, 0.00019617741817286007, 0.0001321557628756235, 1.1713994040336168e-05, 4.467673155329873e-05, 0.0003399964695171834, 0.0005150220573324768, 0.0007088664992498564, 0.0006184100146999847, 0.00043560856206527863, 0.000351463788073535, 0.0003340931931963315, 0.0003232708559080019], "state_solves": 156, "adjoint_solves": 100, "iterations": 100}