{"cost_function_value": [64.56690226081383, 64.5601321742798, 64.55696197579054, 64.54618694077352, 64.52056176524846, 64.44506898506714, 64.00946040521656, 63.9115672217913, 63.8839743897792, 63.82985816310919, 63.76156737468835, 63.7375059362803, 63.71861161768602, 63.711628802001904, 63.706194042819455, 63.702818163458424, 63.69507004039562, 63.68689669866134, 63.6757075287918, 63.67288518110986, 63.669913445315906, 63.66956841871591, 63.66955225077522, 63.66951747198238, 63.66942411232721, 63.66937092005736, 63.66902611188032, 63.66872478035966, 63.66858195019966, 63.66843593246892, 63.66839595776949, 63.66795241956521, 63.667719253121206, 63.66718157035861, 63.66705637184097, 63.666608737674736, 63.666279055445834, 63.666252815068276, 63.66624737298268, 63.66623688260713, 63.66623109203691, 63.666110132863835, 63.665903573183066, 63.66568078909291, 63.665675612030455, 63.665667189282466, 63.665664728508055, 63.6656622230946, 63.66561663981559, 63.66554613557033, 63.665375344010094, 63.66535622779593, 63.665256692687386, 63.66525173888006, 63.66517612042166, 63.66513875969294, 63.66512927129934, 63.66511710883686, 63.66509843198112, 63.665077526252105, 63.66506005677732, 63.665046419718465, 63.66501678691068, 63.66499468093043, 63.664986141571916, 63.66496426955639, 63.66495259145067, 63.66493352543164, 63.664924487534314, 63.66488266861767, 63.66480185640496, 63.664784861459594, 63.664764998270066, 63.66474081347613, 63.664714631065635, 63.66470480534449], "gradient_norm": [1.0, 0.655018921068506, 0.4586903969076742, 0.6288740286676787, 1.4582808926061914, 2.7986822525460364, 1.2979251644803256, 2.8973775983574033, 1.4968234505250049, 0.5353346947283534, 1.9153816431386421, 0.6244362526303865, 0.3574724716590373, 0.09863266387157021, 0.14312215368428421, 1.035915288758447, 0.4883497151154175, 0.09174737809482458, 0.18711320720912067, 0.5792034663954958, 0.1968120783326347, 0.027458429778717507, 0.027514140890708392, 0.035306644432181906, 0.028775198629807368, 0.1891288564910253, 0.0752905953989891, 0.034004220889544225, 0.054869557628880225, 0.04919971084431286, 0.2219721227720766, 0.0802147058668292, 0.031339800160470103, 0.027830681259052588, 0.22254398867596226, 0.12464159115051349, 0.03100524775391972, 0.011467031400757787, 0.01594480516060614, 0.015949246957428248, 0.12780606686569349, 0.0742694090393802, 0.030782454468253288, 0.006858923266158528, 0.02445213548406415, 0.010740400779177152, 0.00785514029754815, 0.01061820401992308, 0.057301091864610215, 0.09464935111407266, 0.11257969993023698, 0.11380409657032921, 0.019232976561131508, 0.02203171251416046, 0.039980997702397145, 0.008764850961559491, 0.013558777389306127, 0.01305020116910826, 0.011113837818142545, 0.023411053352254525, 0.013932855534201953, 0.019592768321958352, 0.009513456263767105, 0.011536084438536195, 0.052365888654009075, 0.01620401470249479, 0.006192805941583243, 0.012076194590734092, 0.07464870077123108, 0.0511647700531639, 0.008671924085421907, 0.010015140228472313, 0.05341720093448813, 0.02698535836400129, 0.02534703737555679, 0.033003565850861], "stepsize": [1.0, 0.0625, 1.0, 1.0, 1.0, 1.0, 1.0, 0.0625, 1.0, 1.0, 1.0, 1.0, 1.0, 1.0, 1.0, 1.0, 1.0, 1.0, 1.0, 0.25, 1.0, 1.0, 1.0, 1.0, 1.0, 0.25, 1.0, 1.0, 1.0, 1.0, 0.5, 1.0, 1.0, 1.0, 0.25, 1.0, 1.0, 1.0, 1.0, 1.0, 0.015625, 1.0, 1.0, 1.0, 0.0625, 1.0, 1.0, 1.0, 1.0, 1.0, 1.0, 0.5, 1.0, 1.0, 1.0, 1.0, 1.0, 1.0, 1.0, 1.0, 1.0, 1.0, 1.0, 1.0, 0.25, 1.0, 1.0, 1.0, 0.5, 1.0, 1.0, 1.0, 1.0, 1.0, 1.0, 1.0], "MeshQuality": [1.0, 0.9973468783414731, 0.9975347248548082, 0.9953231654137623, 0.9832065596360408, 0.9453746288649609, 0.7573491041163323, 0.6553332895625015, 0.6624701550352412, 0.6208549252207439, 0.49986639601166766, 0.49027419348379286, 0.43615907945912363, 0.4011206313764148, 0.3544165595901428, 0.32223641814520176, 0.2674021972740314, 0.21107000743995433, 0.15884393160962665, 0.20425155042436158, 0.17725870871570198, 0.18084860003252395, 0.18228332510298612, 0.18524413862597267, 0.18821527850110711, 0.18758010348942458, 0.18872267790894762, 0.18355194365847594, 0.17707927963629352, 0.17035716651441588, 0.16149625688666927, 0.14366458242880753, 0.1239465286893263, 0.071972314858942, 0.0713507946994424, 0.03731169282960917, 0.02449823600284837, 0.029146861551803495, 0.03127053716174167, 0.03268689240410778, 0.026805841401145558, 0.03262914531449592, 0.022593985703861043, 0.0028303043017001116, 0.0023866316613201407, 0.0009045427605728944, 0.0009414851052869196, 0.0009393549790347753, 0.0008719131630697392, 0.0007394083603107526, 0.0004405265424424761, 0.0003798489321148112, 0.00027720197135564883, 0.0002694031439523593, 0.00013229571814424168, 6.734362934508297e-05, 4.421843948122703e-05, 2.496826673560989e-05, 2.3163504055162584e-05, 5.248571331146904e-05, 8.111488038640535e-05, 0.00012556020923204983, 0.0002413147183911276, 0.0003341367162319814, 0.0003900493660979346, 0.0004315170811743158, 0.0004359993517054384, 0.00045078970558143193, 0.00037742525495523637, 0.0003729233508015064, 0.00027057659665781936, 0.00020768415269681106, 0.00021921015296156118, 0.00021363449618271935, 0.0002470548045464524, 0.0002599830513786887]}