{"cost_function_value": [64.56690226081383, 64.5601321742798, 64.55696197579054, 64.54618694077352, 64.52056176524846, 64.44506898506714, 64.00946040521656, 63.9115672217913, 63.8839743897792, 63.82985816310919, 63.76156737468835, 63.7375059362803, 63.71861161768602, 63.711628802001904, 63.706194042819455, 63.702818163458424, 63.69507004039562, 63.68689669866134, 63.6757075287918, 63.67288518110986, 63.669913445315906, 63.66956841871591, 63.66955225077522, 63.66951747198238, 63.66942411232721, 63.66937092005736, 63.66902611188032, 63.66872478035966, 63.66858195019966, 63.66843593246892, 63.66839595776949, 63.66795241956521, 63.667719253121206, 63.66754570066575, 63.667333480680036, 63.66729196102301, 63.66725501118082, 63.66723962661194, 63.66723937577378, 63.667239366836306, 63.667239364835105], "gradient_norm": [1.0, 0.655018921068506, 0.4586903969076742, 0.6288740286676787, 1.4582808926061914, 2.7986822525460364, 1.2979251644803256, 2.8973775983574033, 1.4968234505250049, 0.5353346947283534, 1.9153816431386421, 0.6244362526303865, 0.3574724716590373, 0.09863266387157021, 0.14312215368428421, 1.035915288758447, 0.4883497151154175, 0.09174737809482458, 0.18711320720912067, 0.5792034663954958, 0.1968120783326347, 0.027458429778717507, 0.027514140890708392, 0.035306644432181906, 0.028775198629807368, 0.1891288564910253, 0.0752905953989891, 0.034004220889544225, 0.054869557628880225, 0.04919971084431286, 0.2219721227720766, 0.0802147058668292, 0.031339800160470103, 0.02136949318400747, 0.06919897277923763, 0.07053184704301149, 0.0610445856426849, 0.060476710045030455, 0.06048220924279611, 0.060479255429433706, 0.06047920867877161], "stepsize": [1.0, 0.0625, 1.0, 1.0, 1.0, 1.0, 1.0, 0.0625, 1.0, 1.0, 1.0, 1.0, 1.0, 1.0, 1.0, 1.0, 1.0, 1.0, 1.0, 0.25, 1.0, 1.0, 1.0, 1.0, 1.0, 0.25, 1.0, 1.0, 1.0, 1.0, 0.5, 1.0, 1.0, 0.25, 0.125, 0.03125, 0.0078125, 0.0078125, 0.0001220703125, 1.9073486328125e-06, 9.5367431640625e-07], "MeshQuality": [1.0, 0.9973468783414731, 0.9975347248548082, 0.9953231654137623, 0.9832065596360408, 0.9453746288649609, 0.7573491041163323, 0.6553332895625015, 0.6624701550352412, 0.6208549252207439, 0.49986639601166766, 0.49027419348379286, 0.43615907945912363, 0.4011206313764148, 0.3544165595901428, 0.32223641814520176, 0.2674021972740314, 0.21107000743995433, 0.15884393160962665, 0.20425155042436158, 0.17725870871570198, 0.18084860003252395, 0.18228332510298612, 0.18524413862597267, 0.18821527850110711, 0.18758010348942458, 0.18872267790894762, 0.18355194365847594, 0.17707927963629352, 0.17035716651441588, 0.16149625688666927, 0.14366458242880753, 0.1239465286893263, 0.10991007480973647, 0.10408849694774548, 0.10144037313756289, 0.10071575640850292, 0.10001028615163274, 0.1000007427364051, 0.1000001521761594, 0.10000005880113123]}