{"cost_function_value": [64.53549719562356, 64.52753693462637, 64.51577130992827, 64.50795388683119, 64.46483976854691, 64.36630203321933, 63.868664720286745, 63.81201115823985, 63.79079465953181, 63.77138485451301, 63.702822640337324, 63.68296546795481, 63.675384549251355, 63.66524556830805, 63.66336805295606, 63.648031979682614, 63.63911809405803, 63.638631588150886, 63.638394365787306, 63.63811237736041, 63.63745697648236, 63.63715614100001, 63.635805265651854, 63.63523128288025, 63.63501478290128, 63.63486075047395, 63.63482814966496, 63.634756047222005, 63.63460270765662, 63.634508695311666, 63.634451370288666, 63.63442686977264, 63.63442118552933, 63.6343873882557, 63.634335253129585, 63.63431577247889, 63.63426952258287, 63.63425985482118, 63.634245767919886, 63.63419176190595, 63.63416782580615, 63.63413148442846, 63.63411336217871, 63.63410623687036, 63.63410256122189, 63.63410082685276, 63.634098371049134, 63.63409400345511, 63.634084607757124, 63.63406840748219, 63.63406749897882, 63.63404967592585, 63.63404037331681, 63.63403533100411, 63.634031170432664, 63.63401345264751, 63.633988913930814, 63.633977128241504, 63.63396149085428, 63.63395214533472, 63.63394700672971, 63.63394078044464, 63.633925119845884, 63.63390849288861, 63.63388410721933, 63.63384660644707, 63.63383970581563, 63.63379904327508, 63.633773142889986, 63.63375758379335, 63.63373485877491, 63.63372166172439, 63.63369840161244, 63.63366673027846, 63.63365893664258, 63.63365761911017, 63.633654130170626, 63.63365056437849, 63.633647061698284, 63.633641251863494, 63.633629270308106, 63.633628888560196, 63.63360945678485, 63.63360361645552, 63.63359806628812, 63.63359039700314, 63.633569671448925, 63.63352080337475, 63.63348868810137, 63.63347784669705, 63.633474133000725, 63.63346648888799, 63.63341076275711, 63.63338640569408, 63.6333328357385, 63.63327592443048, 63.6332429988, 63.633228908996834, 63.63322159121985, 63.63321716466956, 63.633205859862144], "gradient_norm": [1.0, 1.0171782328035806, 0.4535541150714964, 0.41953871316619173, 1.0988849812855628, 2.04058023606043, 0.5228162198927292, 2.0854540352823565, 1.0414953085265242, 0.6945576792874525, 0.2870610424238994, 0.40243152374328556, 1.0499949412401504, 0.18816379116616225, 0.1987141075342324, 0.5948300770322439, 0.09231842267173704, 0.0385463593763711, 0.037256551373272384, 0.03216220373998662, 0.04546288440848653, 0.22664518378067283, 0.043508182731418085, 0.0491241200632454, 0.0782886114994573, 0.015494830151043441, 0.011287457209458831, 0.01748524341902794, 0.02833752229502208, 0.039187765941582735, 0.014964905551762279, 0.005877972939139792, 0.006356732731578341, 0.017078201764314054, 0.01136832223844048, 0.05471326011719863, 0.012833984509086283, 0.01097646382408497, 0.010924801918155942, 0.019929234348353572, 0.015011524419785453, 0.011388455677902183, 0.012551532210384103, 0.017257978360948924, 0.007057889639678064, 0.0041098697190598225, 0.006472727462004758, 0.010743843770828024, 0.015894527722785046, 0.01678010804034541, 0.01122391591454304, 0.005899258485129991, 0.010049429248253082, 0.008007732035185556, 0.00677293502962597, 0.00681221732198632, 0.004337497562599859, 0.02040961168736997, 0.009095885496326166, 0.006347457610268014, 0.006216591578659348, 0.02113109346582166, 0.009886070948983219, 0.012546850923356419, 0.024192873699943353, 0.022403671479595443, 0.04696822277916562, 0.02239088684702619, 0.011574565566826274, 0.01723115821764735, 0.015472842299000152, 0.030130691598011454, 0.022292130984719886, 0.006433946359215685, 0.004147856739441954, 0.01660445230514731, 0.00814794195338262, 0.00460438835530653, 0.00884443146460623, 0.012552892504088177, 0.011542058876389432, 0.03639377110871544, 0.009680239534546664, 0.00584439834606621, 0.013809166010976981, 0.018987623416186015, 0.022393976529002456, 0.035416983259950366, 0.013409739156999742, 0.00489518883959058, 0.004321000580559822, 0.005096171211436445, 0.0115404720561672, 0.03612744392103632, 0.016638764202860756, 0.02401870894284994, 0.011746940657584738, 0.00721304374147378, 0.0063773968248992206, 0.00897000132654336, 0.00897000132654336], "stepsize": [1.0, 0.0078125, 1.0, 1.0, 1.0, 1.0, 1.0, 0.25, 1.0, 1.0, 1.0, 1.0, 1.0, 1.0, 1.0, 1.0, 1.0, 1.0, 1.0, 1.0, 1.0, 1.0, 1.0, 1.0, 0.5, 1.0, 1.0, 1.0, 1.0, 1.0, 1.0, 1.0, 1.0, 1.0, 1.0, 0.5, 1.0, 1.0, 1.0, 1.0, 1.0, 1.0, 1.0, 1.0, 1.0, 1.0, 1.0, 1.0, 1.0, 1.0, 0.0625, 1.0, 1.0, 1.0, 1.0, 1.0, 1.0, 0.25, 1.0, 1.0, 1.0, 0.5, 1.0, 1.0, 1.0, 1.0, 0.03125, 1.0, 1.0, 1.0, 1.0, 1.0, 1.0, 1.0, 1.0, 0.25, 1.0, 1.0, 1.0, 1.0, 1.0, 0.25, 1.0, 1.0, 1.0, 1.0, 1.0, 1.0, 1.0, 1.0, 1.0, 1.0, 1.0, 0.5, 1.0, 1.0, 1.0, 1.0, 1.0, 1.0, 1.0], "MeshQuality": [1.0, 0.9950226495577963, 0.9961349317632336, 0.9953226338870482, 0.9769586573578664, 0.9290962743141676, 0.694314970668093, 0.5817608328545878, 0.6043046980280646, 0.5872631913565282, 0.464080454025292, 0.37982914833845827, 0.2886155741199119, 0.2530047773597586, 0.25410438276984393, 0.12365342631772029, 0.18631486984618337, 0.1744432454504957, 0.1656839566125895, 0.16011699198833645, 0.1494730631010264, 0.07724447699538949, 0.06489401562705317, 0.0678511348931971, 0.049118881177606585, 0.05999241237569599, 0.0547179459866726, 0.05092863678778255, 0.03890470814102938, 0.0344970326334457, 0.03466844088037839, 0.03379147478459544, 0.03321185442386832, 0.029648838931286257, 0.02664687526760892, 0.022923544822104888, 0.022274367666691462, 0.022140846430434392, 0.02143646555979295, 0.020076267199708005, 0.01937809832002114, 0.01805371310563537, 0.016657107522641105, 0.016667816334124504, 0.016991591315419944, 0.017178945365665332, 0.017347928480479252, 0.017604477368640483, 0.01835475061689372, 0.019973838228098534, 0.02172127531828074, 0.023309395598480342, 0.025747951227084863, 0.026336898585294612, 0.02721054143860397, 0.030534097599924342, 0.03795975508902322, 0.04137446669168574, 0.04517485012457591, 0.047222873226939306, 0.048377373504120885, 0.05178420933928163, 0.05371931326910362, 0.058873080777452, 0.0687926362895349, 0.08978798717689936, 0.09918880534839991, 0.10577228667608207, 0.11140206879164304, 0.11432654534947806, 0.11966671534391554, 0.12719444681322925, 0.1407392238454876, 0.1398071700807001, 0.13663478519424496, 0.14019620814651237, 0.14044472454774026, 0.14097538298631968, 0.14161681727947759, 0.14261712801546092, 0.14443515553936406, 0.1444190086223193, 0.1458281701883862, 0.1458717405748702, 0.14553400675208344, 0.1455349328611724, 0.14561928059940699, 0.14730083229936622, 0.15008087291935177, 0.1502208264879868, 0.15035929607952253, 0.15047386372490434, 0.1499384122720769, 0.1513609770787931, 0.11643969949677384, 0.09645240997179459, 0.039334176676435774, 0.06019703563895768, 0.08065730869938421, 0.08082334801154628, 0.06711118261397712], "state_solves": 128, "adjoint_solves": 100, "iterations": 100}