{"cost_function_value": [0.12240249296414986, 0.12236443677831445, 0.04065283206619833, 0.00856913271476821, 0.0007846142266651712, 0.000784198373689227, 0.0007831010817765323, 0.0007830971199809696, 0.0007827841773011399, 0.0007827272330888367], "gradient_norm": [1.0, 0.9998432897368269, 2.308329778531056, 0.4847576089303572, 0.0026050032046959245, 0.0021487879318533437, 0.0010647103497540278, 0.006822572585407105, 0.001588104991977146, 0.0007597450082147393], "stepsize": [1.0, 1.0, 1.0, 0.5, 1.0, 1.0, 1.0, 1.0, 1.0, 1.0], "initial_gradient_norm": 0.006169211292565742, "state_solves": 11, "adjoint_solves": 10, "iterations": 9}