{"cost_function_value": [0.12240249296414986, 0.12236443677831445, 0.040652832066216185, 0.008569132714753798, 0.0007846142266652202, 0.0007841983736892406, 0.0007831010817764796, 0.0007830971199806601, 0.0007827841773010366, 0.0007827272330887428], "gradient_norm": [1.0, 0.9998432897368269, 2.308329778531564, 0.48475760892917136, 0.0026050032047936485, 0.0021487879319244643, 0.0010647103496715233, 0.00682257258250699, 0.0015881049915410887, 0.0007597450080323246], "stepsize": [1.0, 1.0, 1.0, 0.5, 1.0, 1.0, 1.0, 1.0, 1.0, 1.0], "initial_gradient_norm": 0.006169211292565742, "state_solves": 11, "adjoint_solves": 10, "iterations": 9}