{"cost_function_value": [0.12240249296414983, 0.12236443677831443, 0.040652832066209454, 0.008569132714754714, 0.0007846142266652143, 0.000784198373689234, 0.0007831010817764715, 0.0007830971199806406, 0.0007827841773010271, 0.0007827272330887354], "gradient_norm": [1.0, 0.9998432897368271, 2.30832977853137, 0.48475760892936387, 0.002605003204792009, 0.002148787931925997, 0.0010647103496655005, 0.006822572582323765, 0.0015881049915393412, 0.0007597450080287913], "stepsize": [1.0, 1.0, 1.0, 0.5, 1.0, 1.0, 1.0, 1.0, 1.0, 1.0], "initial_gradient_norm": 0.006169211292565741, "state_solves": 11, "adjoint_solves": 10, "iterations": 9}