{"cost_function_value": [0.12240249296414983, 0.12236443677831443, 0.040652832066825975, 0.008569132714501552, 0.0007846142266651456, 0.0007841983736891706, 0.0007831010817764939, 0.0007830971199807883, 0.0007827841773010746, 0.0007827272330887708], "gradient_norm": [1.0, 0.9998432897368269, 2.3083297785492345, 0.4847576089026389, 0.002605003204691906, 0.0021487879318249363, 0.0010647103497016775, 0.006822572583725434, 0.0015881049917775693, 0.0007597450081079757], "stepsize": [1.0, 1.0, 1.0, 0.5, 1.0, 1.0, 1.0, 1.0, 1.0, 1.0], "MeshQuality": [], "initial_gradient_norm": 0.006169211292565742, "state_solves": 11, "adjoint_solves": 10, "iterations": 9}