{"cost_function_value": [0.12240249296414983, 0.12236443677831443, 0.04065283206666709, 0.008569132714570661, 0.0007846142266651628, 0.000784198373689188, 0.000783101081776489, 0.00078309711998076, 0.000782784177301068, 0.0007827272330887667], "gradient_norm": [1.0, 0.9998432897368268, 2.3083297785446217, 0.4847576089097619, 0.0026050032047117396, 0.0021487879318403953, 0.0010647103497032071, 0.006822572583459211, 0.0015881049917449638, 0.0007597450080843648], "stepsize": [1.0, 1.0, 1.0, 0.5, 1.0, 1.0, 1.0, 1.0, 1.0, 1.0], "MeshQuality": [], "initial_gradient_norm": 0.006169211292565742, "state_solves": 11, "adjoint_solves": 10, "iterations": 9}