{"cost_function_value": [0.12240249296414986, 0.12236443677831445, 0.04065283206684634, 0.008569132714494356, 0.0007846142266651481, 0.0007841983736891768, 0.0007831010817765028, 0.0007830971199808241, 0.0007827841773010866, 0.000782727233088782], "gradient_norm": [1.0, 0.9998432897368269, 2.308329778549815, 0.4847576089018036, 0.0026050032046721697, 0.002148787931816712, 0.0010647103497125072, 0.006822572584105257, 0.0015881049918222184, 0.0007597450081284219], "stepsize": [1.0, 1.0, 1.0, 0.5, 1.0, 1.0, 1.0, 1.0, 1.0, 1.0], "initial_gradient_norm": 0.006169211292565742, "state_solves": 11, "adjoint_solves": 10, "iterations": 9}