{"cost_function_value": [0.12240249296414983, 0.12236443677831443, 0.04065283206682327, 0.008569132714510992, 0.0007846142266651329, 0.0007841983736891615, 0.0007831010817764924, 0.0007830971199808137, 0.0007827841773010851, 0.0007827272330887812], "gradient_norm": [1.0, 0.9998432897368268, 2.3083297785491323, 0.48475760890320135, 0.0026050032046706522, 0.0021487879318181423, 0.0010647103496952807, 0.006822572583988171, 0.001588104991817004, 0.0007597450081470798], "stepsize": [1.0, 1.0, 1.0, 0.5, 1.0, 1.0, 1.0, 1.0, 1.0, 1.0], "initial_gradient_norm": 0.006169211292565742, "state_solves": 11, "adjoint_solves": 10, "iterations": 9}