{"cost_function_value": [-0.08690621879661249, -0.08842584824260162, -0.08976376743817573, -0.0907491342804335, -0.09154263990612607, -0.09210786038048863, -0.0925389875161874, -0.09284216419649927, -0.09306662570145552, -0.09322459755329672, -0.09334026542959291, -0.09342267755846521, -0.09348335939895268, -0.09352765968058407, -0.09356100196856847, -0.0935862551953018, -0.09360596572161643, -0.09362160010820905, -0.09363436021302626, -0.09364498006877565, -0.09365403454406183, -0.09366189068991791, -0.09366883017199379, -0.0936750399918289, -0.09367699634057036, -0.09368463022836503, -0.09369096753078392, -0.0936963483984113, -0.09370102578428743, -0.0937051639976177, -0.09370888459685224, -0.09370962914191783, -0.0937144104294044, -0.09371836500738677, -0.09372172849443162, -0.09372465267026096, -0.09372724759116831, -0.09372958619488901, -0.09372995858554707, -0.09373301876711236, -0.09373555736026166], "gradient_norm": [0.3399301596646749, 0.29702971448668997, 0.25563073110831946, 0.2186112505568944, 0.18503753210850168, 0.15610606192043233, 0.130806113469869, 0.1094313657450224, 0.09115047773329116, 0.07587661361238225, 0.0629982741594647, 0.05231237292825327, 0.04339073961924125, 0.036025786450580556, 0.029924119105065893, 0.024911653418100768, 0.020789084544378285, 0.017422342132520707, 0.014676080950118168, 0.012450997605646042, 0.010654214261174588, 0.0092128396497474, 0.008061617170683754, 0.0071466727301662, 0.01402077840800858, 0.011765804657378021, 0.009942728414093594, 0.008478168247007829, 0.0073069077215842295, 0.006376224321684929, 0.005640195656529034, 0.011260846668242827, 0.009437614543219147, 0.007967501823106285, 0.006786704766962832, 0.0058445275624464926, 0.005096872180319945, 0.004507161527438358, 0.009057685312364179, 0.007591868847794454, 0.007591868847794454], "stepsize": [1.0, 0.5, 0.5, 0.5, 0.5, 0.5, 0.5, 0.5, 0.5, 0.5, 0.5, 0.5, 0.5, 0.5, 0.5, 0.5, 0.5, 0.5, 0.5, 0.5, 0.5, 0.5, 0.5, 0.5, 1.0, 0.5, 0.5, 0.5, 0.5, 0.5, 0.5, 1.0, 0.5, 0.5, 0.5, 0.5, 0.5, 0.5, 1.0, 0.5, 0.5], "MeshQuality": [1.0, 0.9641359099382583, 0.9806973603497134, 0.9546038305097007, 0.9673248882513404, 0.9485487978177727, 0.9576271925827542, 0.9448878142222759, 0.9471352836563707, 0.9396728692127617, 0.937859096586817, 0.9317092840557345, 0.9295814556158836, 0.9244391868783561, 0.9221440415095569, 0.917780506577275, 0.9154269114066513, 0.9116718422808402, 0.9093355691106706, 0.9060623893987941, 0.9037931506526877, 0.9009074386240412, 0.8987356607567186, 0.8961664984898368, 0.8920486926762758, 0.8894877909316521, 0.8879248395977131, 0.8856883463778057, 0.8841492982052838, 0.8821701497223773, 0.8806819167211504, 0.8771390119925174, 0.8760670305234769, 0.8742895922571863, 0.8731941847615314, 0.8716338739143302, 0.8705481241453866, 0.86915968513801, 0.8670480450957332, 0.8656030264435708, 0.8648265364627806], "state_solves": 81, "adjoint_solves": 40, "iterations": 50}