{"cost_function_value": [-0.09208800134061308, -0.09269098408792227, -0.09330563108624845, -0.09351534327197249, -0.0936041834550688, -0.09367958661886866, -0.09369675991391813, -0.09372337029324235, -0.09373458353381668, -0.09374087887398894, -0.09375227596724972, -0.09375563296117587, -0.0937595785287189, -0.09376136139009737, -0.09376378431324281, -0.09376441501485153, -0.09376498516983808, -0.09376643566514171, -0.09376734752848136, -0.09376847744680063, -0.0937687650570559], "gradient_norm": [0.05014763917054615, 0.05936532034667285, 0.027467914185756413, 0.012325768906858641, 0.010194781597669457, 0.008704892801248802, 0.012757598358742085, 0.00539033324243249, 0.004600991832209702, 0.013363722639146756, 0.004459810176812033, 0.003195998063412744, 0.0028599410099491777, 0.005741996382866633, 0.0019499620256763662, 0.0014043653228503195, 0.0019004302342892725, 0.002566577030029797, 0.004058019251185341, 0.0010530074863831873, 0.0009179289875137355], "stepsize": [1.0, 1.0, 1.0, 1.0, 1.0, 1.0, 0.25, 1.0, 1.0, 1.0, 1.0, 1.0, 1.0, 0.5, 1.0, 1.0, 1.0, 1.0, 1.0, 1.0, 1.0], "MeshQuality": [1.0, 0.974636911737328, 0.9392677734964515, 0.9164389741547867, 0.8846602913097418, 0.8485862162232004, 0.8365700056822085, 0.8220280968954775, 0.8185921265756563, 0.8210068006899591, 0.8235343664780703, 0.8266807942892104, 0.8315318594184931, 0.8298578154977655, 0.8307808324735156, 0.8299637308019508, 0.8288605583768609, 0.8260754449896169, 0.8227662721869724, 0.8221248467960985, 0.8226076646155414], "state_solves": 24, "adjoint_solves": 21, "iterations": 23}