{"cost_function_value": [-0.010713372987158352, -0.05882782026517468, -0.0655526002244321, -0.0920873442707633, -0.09269158588068693, -0.09330906315003153, -0.09351412247283454, -0.09360550852566764, -0.09367786256357662, -0.09369414309891198, -0.09372440715969549, -0.0937314216736723, -0.09374163569325818, -0.09375717104363196, -0.09375976680659782, -0.09376239915598449, -0.09376310762698982, -0.09376528634742812, -0.09376609432759125, -0.09376676874318475, -0.09376767854400551, -0.0937683583379075, -0.09376868852353379, -0.09376913341604039, -0.09376949753400526], "gradient_norm": [1.0, 0.2908772221140215, 0.2458369808719423, 0.04999229953583369, 0.05876005646101558, 0.02679072814248156, 0.012302493651740635, 0.01006105786888298, 0.010763429155648725, 0.018931491062640103, 0.005027261477485393, 0.0048819509149124075, 0.005001452858810038, 0.006019379272874071, 0.005508509146106227, 0.0019788061422384333, 0.0017348819659619634, 0.0025770511421248335, 0.002605906948932002, 0.0016389595918651814, 0.001330166047710593, 0.001045901832030413, 0.0019218465566933208, 0.001098514800358588, 0.0008546804747150397], "stepsize": [1.0, 0.25, 1.0, 1.0, 1.0, 1.0, 1.0, 1.0, 1.0, 0.5, 1.0, 1.0, 1.0, 1.0, 0.25, 1.0, 1.0, 1.0, 0.5, 1.0, 1.0, 1.0, 0.5, 1.0, 1.0], "MeshQuality": [1.0, 0.9419227664049526, 0.9014111519095213, 1.0, 0.9761387326293572, 0.9432024835135815, 0.9276652031390348, 0.9103035273845972, 0.8747779248545898, 0.8471867594269661, 0.8441430592967065, 0.8438643790965143, 0.8423686071773558, 0.8439051322816908, 0.8440719572661095, 0.8448367563397025, 0.8446139026707886, 0.842090922074183, 0.8405405261027236, 0.8395198810864941, 0.8374088943885958, 0.8362830347380567, 0.8358064181354219, 0.8354723566314272, 0.8355357241398992], "state_solves": 34, "adjoint_solves": 26, "iterations": 24}