{"cost_function_value": [-0.010710701247112235, -0.05883321540048712, -0.06555925947427488, -0.09208833736597814, -0.09269387193272441, -0.09331259372511172, -0.09351569517784218, -0.09360813079141168, -0.09368402963280134, -0.0936973310892456, -0.09372770599464587, -0.09373706095733476, -0.0937486201860106, -0.09375510839204435, -0.09376023922760973, -0.09376328708145654, -0.09376546346672696, -0.09376764562643458, -0.09376938160469116, -0.09377023665791857, -0.09377090878072465, -0.09377136825771298], "gradient_norm": [1.0, 0.290899583238999, 0.24583807649966244, 0.049979760243291045, 0.05860219470068011, 0.02653626552236826, 0.012305858545503631, 0.009999522599895786, 0.007651074320441053, 0.015473130188281453, 0.00543869181126244, 0.004377923551392925, 0.007872071697760748, 0.007429685138113478, 0.003234240520677467, 0.0024705729114830894, 0.001626032377738953, 0.0038231306837375155, 0.0022291037946695854, 0.0015145905322209126, 0.0011508440003866454, 0.0009448106651635314], "stepsize": [1.0, 0.25, 1.0, 1.0, 1.0, 1.0, 1.0, 1.0, 1.0, 0.25, 1.0, 1.0, 1.0, 1.0, 1.0, 1.0, 1.0, 1.0, 1.0, 1.0, 1.0, 1.0], "MeshQuality": [0.3126345571836947, 0.3133864049012196, 0.314302145710416, 0.38459931267936676, 0.38609666653377855, 0.3845659883921456, 0.38342887651564017, 0.3789549924518678, 0.3785199956428183, 0.3790423138321587, 0.3805906793355789, 0.3795623904280092, 0.37714584419305053, 0.37518283801310465, 0.37552264639914457, 0.375502009854426, 0.3749337757587692, 0.37289655643128744, 0.37072296258030774, 0.37031910509970245, 0.36932495787607944, 0.36797454090207654], "state_solves": 28, "adjoint_solves": 23, "iterations": 21}