{"cost_function_value": [-0.010713372987158352, -0.05882782026517468, -0.0655526002244321, -0.09208800134221895, -0.0926909840892924, -0.09330563108736037, -0.09351534327313345, -0.09360418345593542, -0.09367958662096396, -0.09369675991253937, -0.09372337029472695, -0.09373458353380254, -0.09374087888439592, -0.09375227597056553, -0.0937556329651298, -0.0937595785325023, -0.09376136138357853, -0.09376378431189533, -0.09376441501402517, -0.09376498516802656, -0.0937664356613944, -0.09376734751294281, -0.09376847743812124, -0.09376876504837649], "gradient_norm": [1.0, 0.2908772221140215, 0.2458369808719423, 0.05014763917090228, 0.059365320369902275, 0.027467914216173946, 0.012325768896664261, 0.010194781603655488, 0.008704891839406535, 0.012757600920198203, 0.005390333422932784, 0.0046009916305386174, 0.013363714976871733, 0.004459810078829866, 0.0031959982999033285, 0.002859940111041416, 0.00574201205391795, 0.0019499633376373973, 0.0014043637344701313, 0.0019004281761259387, 0.0025665777358264774, 0.004058041921968064, 0.0010530133354526203, 0.0009179311392718399], "stepsize": [1.0, 0.25, 1.0, 1.0, 1.0, 1.0, 1.0, 1.0, 1.0, 0.25, 1.0, 1.0, 1.0, 1.0, 1.0, 1.0, 0.5, 1.0, 1.0, 1.0, 1.0, 1.0, 1.0, 1.0], "MeshQuality": [1.0, 0.9419227664049526, 0.9014111519095213, 1.0, 0.9746369117346572, 0.9392677735209151, 0.916438974473927, 0.8846602919100681, 0.8485862170144635, 0.8365700073363054, 0.8220280977471588, 0.8185921279909552, 0.8210068010998051, 0.8235343685529923, 0.8266807976416751, 0.8315318637624581, 0.8298578143613045, 0.83078083711975, 0.8299637354595459, 0.8288605640025012, 0.8260754549585948, 0.8227662675976527, 0.8221248605056133, 0.8226076724254259], "state_solves": 31, "adjoint_solves": 25, "iterations": 23}