{
    "stepsize": [
        1.0,
        0.0001220703125,
        1.0,
        1.0,
        1.0,
        1.0,
        0.00390625,
        1.0,
        1.0,
        0.001953125,
        0.000244140625,
        0.0009765625,
        1.0,
        1.0,
        1.0,
        0.001953125,
        0.00390625,
        1.0,
        1.0,
        1.0,
        0.015625,
        0.001953125,
        1.0,
        0.0078125,
        1.0,
        1.0,
        0.0078125,
        0.00390625,
        1.0,
        0.001953125,
        0.0078125,
        1.0,
        0.015625,
        0.0078125,
        1.0,
        0.00390625,
        0.00390625,
        1.0,
        1.0,
        0.015625,
        0.5,
        0.00390625,
        1.0,
        0.00390625,
        0.00390625,
        1.0,
        1.52587890625e-05,
        1.0
    ],
    "no_state_solves": [
        1,
        15,
        16,
        17,
        18,
        19,
        28,
        29,
        30,
        40,
        53,
        64,
        65,
        66,
        67,
        77,
        86,
        87,
        88,
        89,
        96,
        106,
        107,
        115,
        116,
        117,
        125,
        134,
        135,
        145,
        153,
        154,
        161,
        169,
        170,
        179,
        188,
        189,
        190,
        197,
        199,
        208,
        209,
        218,
        227,
        228,
        245,
        246
    ],
    "no_adjoint_solves": [
        1,
        2,
        3,
        4,
        5,
        6,
        7,
        8,
        9,
        10,
        11,
        12,
        13,
        14,
        15,
        16,
        17,
        18,
        19,
        20,
        21,
        22,
        23,
        24,
        25,
        26,
        27,
        28,
        29,
        30,
        31,
        32,
        33,
        34,
        35,
        36,
        37,
        38,
        39,
        40,
        41,
        42,
        43,
        44,
        45,
        46,
        47,
        48
    ],
    "iteration": [
        0,
        1,
        2,
        3,
        4,
        5,
        6,
        7,
        8,
        9,
        10,
        11,
        12,
        13,
        14,
        15,
        16,
        17,
        18,
        19,
        20,
        21,
        22,
        23,
        24,
        25,
        26,
        27,
        28,
        29,
        30,
        31,
        32,
        33,
        34,
        35,
        36,
        37,
        38,
        39,
        40,
        41,
        42,
        43,
        44,
        45,
        46,
        47
    ],
    "gradient_norm_initial": [
        0.6031639404492164,
        0.6031639404492164,
        0.6031639404492164,
        0.6031639404492164,
        0.6031639404492164,
        0.6031639404492164,
        0.6031639404492164,
        0.6031639404492164,
        0.6031639404492164,
        0.6031639404492164,
        0.6031639404492164,
        0.6031639404492164,
        0.6031639404492164,
        0.6031639404492164,
        0.6031639404492164,
        0.6031639404492164,
        0.6031639404492164,
        0.6031639404492164,
        0.6031639404492164,
        0.6031639404492164,
        0.6031639404492164,
        0.6031639404492164,
        0.6031639404492164,
        0.6031639404492164,
        0.6031639404492164,
        0.6031639404492164,
        0.6031639404492164,
        0.6031639404492164,
        0.6031639404492164,
        0.6031639404492164,
        0.6031639404492164,
        0.6031639404492164,
        0.6031639404492164,
        0.6031639404492164,
        0.6031639404492164,
        0.6031639404492164,
        0.6031639404492164,
        0.6031639404492164,
        0.6031639404492164,
        0.6031639404492164,
        0.6031639404492164,
        0.6031639404492164,
        0.6031639404492164,
        0.6031639404492164,
        0.6031639404492164,
        0.6031639404492164,
        0.6031639404492164,
        0.6031639404492164
    ],
    "relative_norm": [
        1.0,
        1.3659616777913712,
        0.879450816827197,
        0.7969217046850863,
        0.9198610726947816,
        0.9405200902264917,
        0.7771472702744384,
        0.7622526404085611,
        0.748679537123456,
        1.5659844337987723,
        0.5092340792983291,
        0.47685247758919785,
        0.4773291703707007,
        0.45651444223417825,
        0.5300762982743564,
        0.5020452632505399,
        0.2964292010345193,
        0.32421989537858115,
        0.31849839518496814,
        0.32141428351078055,
        0.35039864145886845,
        0.23278478680393705,
        0.276455358801414,
        0.22204954438120691,
        0.25910769599032574,
        0.242373738035188,
        0.2858504012205885,
        0.1924342386120503,
        0.2665996460509668,
        0.19915128860293724,
        0.18471686190796927,
        0.1905598631388566,
        0.18238306632504334,
        0.17602378693218818,
        0.22418891328560644,
        0.15965161454359827,
        0.150639989754779,
        0.14478049594829662,
        0.15196160233632922,
        0.15004384119939648,
        0.21084235713910657,
        0.14317291887169425,
        0.1906215951709507,
        0.13824584847887228,
        0.13980531675767852,
        0.1467546151069918,
        0.1466726657146302,
        0.15730360068445368
    ],
    "gradient_norm": [
        0.6031639404492164,
        0.8238988280792663,
        0.5304530201087742,
        0.4806744356273634,
        0.5548270292724276,
        0.5672878036926633,
        0.46874720984808244,
        0.4597633062066473,
        0.45157649974507913,
        0.9445453417722025,
        0.3071516338806089,
        0.2876202193956722,
        0.2879077432921472,
        0.27535304984994313,
        0.319722908805895,
        0.3028155992660598,
        0.1787954049601936,
        0.1955577496685777,
        0.19210674706651712,
        0.193865505759024,
        0.21134782531038326,
        0.14040738928529342,
        0.16674790357296282,
        0.13393227816392192,
        0.1562844189142425,
        0.1461910988947101,
        0.17241465437919967,
        0.11606939363858901,
        0.1608032930344675,
        0.12012087597928674,
        0.1114145502958245,
        0.11493883794229612,
        0.11000688895582392,
        0.10617120093881191,
        0.13522266834237406,
        0.09629609692719616,
        0.09086060980972208,
        0.0873263744363664,
        0.09165775886215718,
        0.09050103449796446,
        0.12717250694562449,
        0.08635674191226708,
        0.11497607247802595,
        0.0833849107192619,
        0.08432552575131223,
        0.08851709192704128,
        0.08846766300862703,
        0.09487985963568514
    ],