{
    "stepsize": [
        1.0,
        0.25,
        0.0001220703125
    ],
    "no_state_solves": [
        1,
        4,
        18
    ],
    "no_adjoint_solves": [
        1,
        2,
        3
    ],
    "iteration": [
        0,
        1,
        2
    ],
    "gradient_norm_initial": [
        0.3055663029595935,
        0.3055663029595935,
        0.3055663029595935
    ],
    "relative_norm": [
        1.0,
        3.2284738969591036,
        0.6361586004245909
    ],
    "gradient_norm": [
        0.3055663029595935,
        0.986512832895345,
        0.19438863162769157
    ],
    "objective_value": [
        64.19195930459551,
        64.1061554374002,
        56.27502346205722
    ]
}