{"cost_function_value": [239.53424422622115, 239.53424422622115, 239.53424422622115, 239.53424422622115, 235.45309867653734, 217.37119337596053, 208.9262145441077, 204.25657568071964, 202.85916360255797, 192.34356691224943, 189.7424000081197, 173.89484058803257, 165.16928236538132, 160.33625106628602, 158.41919997820253, 155.22177138931278, 154.15349964695167, 153.82097846830186, 153.80255017368734, 153.8005988441504, 153.799518539605, 153.79290868826308], "gradient_norm": [1.0, 1.0504034110943057, 1.1086364591825344, 1.0334296036131743, 0.9756773557243431, 0.8969587795103783, 0.883465007537447, 0.8764339888075806, 1.1166582098283442, 0.8802108273956757, 1.3527710023399095, 0.8525642977354847, 0.8341363444218072, 0.6465491575498764, 0.4681788522393535, 0.3349867715843251, 0.19452904859918965, 0.12186497762760716, 0.09121079226504318, 0.06917660965920856, 0.06072170916692272, 0.04376877374272062], "stepsize": [1.0, 0.001, 0.002, 0.004, 0.001, 0.03125, 0.015625, 0.0078125, 0.000125, 0.00025, 0.5, 0.001, 1.0, 0.25, 0.001, 1.0, 1.0, 1.0, 0.001, 0.25, 0.125, 0.25], "MeshQuality": [], "angle": [116.1396902089962, 109.44338267687696, 95.58788664858685, 68.08416186350985, 61.16220743510479, 54.06642617028483, 51.83975160125166, 50.6645398689501, 51.41695973229307, 46.13259388791498, 49.424308346035666, 35.78489880614035, 28.936452343936867, 21.91286194790358, 16.271289689226855, 11.101104739392598, 6.441962000461975, 4.045708869251757, 3.0353523937632665, 2.306465793093987, 2.0267069400692987, 1.4644305967635298], "initial_gradient_norm": 117.40766682321009, "state_solves": 84, "adjoint_solves": 23, "iterations": 21}