{"cost_function_value": [0.12240249296414983, 0.12236443677831443, 0.04065283206629595, 0.008569132714728856, 0.0007846142266652488, 0.0007841983736892504, 0.0007831010817764615, 0.0007830971199805435, 0.0007827841773009943, 0.0007827272330887028], "gradient_norm": [1.0, 0.9998432897368269, 2.30832977853386, 0.48475760892616865, 0.0026050032048445756, 0.0021487879319433516, 0.0010647103496345242, 0.00682257258141274, 0.0015881049914037476, 0.0007597450079614925], "stepsize": [1.0, 1.0, 1.0, 0.5, 1.0, 1.0, 1.0, 1.0, 1.0, 1.0], "MeshQuality": [], "initial_gradient_norm": 0.006169211292565742, "state_solves": 11, "adjoint_solves": 10, "iterations": 9}