{"cost_function_value": [0.12240249296414986, 0.12236443677831445, 0.040652832066047785, 0.008569132714834247, 0.0007846142266651667, 0.0007841983736892247, 0.0007831010817765234, 0.0007830971199809421, 0.0007827841773011322, 0.0007827272330888328], "gradient_norm": [1.0, 0.9998432897368271, 2.3083297785266716, 0.4847576089370771, 0.002605003204690171, 0.002148787931861891, 0.0010647103497435238, 0.006822572585122244, 0.0015881049918901337, 0.000759745008229277], "stepsize": [1.0, 1.0, 1.0, 0.5, 1.0, 1.0, 1.0, 1.0, 1.0, 1.0], "initial_gradient_norm": 0.006169211292565742, "state_solves": 11, "adjoint_solves": 10, "iterations": 9}