{"cost_function_value": [0.12240249296414986, 0.12236443677831445, 0.12228835422226762, 0.12213630831143467, 0.12183269280536323, 0.12122736314721166, 0.12002427809357208, 0.11764815759666238, 0.11301416305894889, 0.10420395542828953, 0.08829890252142646, 0.06250432754703142, 0.02928996517123738, 0.0044717149686720635, 0.004288380269411617, 0.0013279661930205462, 0.0010200872209860602, 0.0010021017029825602, 0.0009147786965569776, 0.000888416277479129, 0.0008593850181168936, 0.0008398971599779455, 0.0008308567504381906, 0.0008155525244475563, 0.000807826862478187, 0.0008052896713876378, 0.0007969342233920754, 0.0007939729093932132, 0.0007936859219433622, 0.000788981180648461, 0.0007879105167529681, 0.0007864128512164261, 0.0007855515680768738, 0.0007852062524856148, 0.000784394656465494, 0.0007840486319366735, 0.000783965482071902, 0.0007835101474479888, 0.0007833719188457952, 0.0007832177867535279, 0.0007831094384194991, 0.0007830534262845329, 0.0007829683291934195, 0.0007829173705998409, 0.0007828930367943035, 0.0007828436904381203, 0.0007828169936317442, 0.0007828044567373689, 0.0007827744361972344], "gradient_norm": [1.0, 0.9998432897368271, 0.9995299212911501, 0.9989033925964715, 0.9976511669932819, 0.9951500350452931, 0.9901609869339584, 0.9802352918709409, 0.9605902153185456, 0.9221042466779051, 0.8482349781040911, 0.7123355383389115, 0.4840994775423953, 0.17699576239858228, 0.6576339837786206, 0.20455012253652494, 0.07351748688460566, 0.10366454409242326, 0.04369688009766558, 0.05484047483601956, 0.028717117126868984, 0.031297695259480916, 0.04147156534808793, 0.019738881104947235, 0.022834158654056913, 0.031707094495556996, 0.013800901369851232, 0.016946250442474012, 0.0244463724448273, 0.009832423168014512, 0.012764374143473284, 0.00632350065996884, 0.007142314179060955, 0.009732455547530324, 0.004419236699322367, 0.0052863642347410955, 0.007492694392100375, 0.0031567927596425687, 0.0039802491115010635, 0.0021120111650434637, 0.0023105901723316493, 0.003042275588848716, 0.0015180535443784613, 0.001735174030280038, 0.0023559078570677045, 0.0011334737086637783, 0.001337125532637297, 0.0018455831934742755, 0.0008828689137438908], "stepsize": [1.0, 1.0, 2.0, 4.0, 8.0, 16.0, 32.0, 64.0, 128.0, 256.0, 512.0, 1024.0, 2048.0, 4096.0, 8192.0, 512.0, 512.0, 1024.0, 512.0, 1024.0, 512.0, 1024.0, 1024.0, 512.0, 1024.0, 1024.0, 512.0, 1024.0, 1024.0, 512.0, 1024.0, 512.0, 1024.0, 1024.0, 512.0, 1024.0, 1024.0, 512.0, 1024.0, 512.0, 1024.0, 1024.0, 512.0, 1024.0, 1024.0, 512.0, 1024.0, 1024.0, 512.0], "initial_gradient_norm": 0.006169211292565742, "state_solves": 87, "adjoint_solves": 49, "iterations": 48}