{"cost_function_value": [32.677228071299496, 32.63175391647616, 32.562383377316074, 32.3244795212252, 31.650290993016178, 31.312632778534997, 31.075785932243903, 30.85297160608636, 30.686568426890283, 30.520124497752935, 30.108190826239063, 29.92407793547535, 29.829595493064755, 29.65717155508987, 29.62624626824494, 29.578753409432792, 29.564869101770466, 29.554434982737252, 29.537909166059695, 29.51013313982681, 29.487605152226976, 29.486993569418928, 29.485870170713618, 29.4858029209626, 29.485484819130644, 29.484838947084214, 29.483527111361706, 29.481539650423258, 29.480847542178214, 29.47907599265287, 29.47879414661809, 29.47872617811463, 29.478627816226236, 29.47846252184916, 29.478302174325325, 29.478254338434517, 29.47811945627338, 29.47811561733105, 29.478095586825905, 29.478047550415905, 29.47798227734927, 29.4779775133651, 29.47792884155951, 29.477922241256238, 29.477902235159288, 29.477899210681404, 29.47789422293681, 29.477892327479424, 29.47788777641921, 29.477881617070754, 29.477868648352732, 29.477864338793957, 29.477861569796787, 29.477858809871766, 29.477853228811394, 29.477844648152583, 29.47783058250903, 29.47783028038003, 29.477808843116208, 29.47780408800354, 29.477802806295596, 29.477802121036216, 29.477801117284365, 29.477800590115876, 29.47779831439265, 29.47779525730407, 29.47778971550734, 29.477787508564607, 29.477787067788384, 29.47778698395263, 29.477786834547867, 29.477786749138307, 29.47778642411839, 29.477784936821593, 29.47778428372937, 29.477784255370977, 29.477783972141676, 29.477783900860704, 29.477783785646164, 29.477783602793462, 29.477783177361307, 29.47778266298771, 29.477782621462907, 29.477782293315133, 29.47778203875447, 29.477781705670317, 29.47778152326253, 29.47778140967197, 29.477781396483937, 29.47778139027547, 29.477781381499327, 29.477781366304825, 29.47778135052711, 29.477781309449334, 29.477781294315108, 29.47778126314854, 29.477781247752855, 29.477781092741676, 29.477780950426297, 29.47778091030172, 29.477780899833437, 29.477780897046795, 29.477780890826573, 29.477780884405014, 29.477780861537696, 29.477780803295683, 29.477780715736266, 29.47778055233958, 29.477780482387974, 29.47778047634296, 29.47778047279983, 29.477780471061685], "gradient_norm": [1.0, 1.529049706876623, 0.9834793508379547, 0.9168173469870643, 1.3578515114435392, 5.753020317854648, 0.5694233047790889, 0.7624578609451342, 2.2910608368807486, 2.1788306552726953, 0.7925703359995487, 1.3592477273170618, 1.7716950198836068, 0.3522788779865057, 1.7502010227937805, 0.10402537423874625, 0.12539987079215123, 0.21557329192689395, 0.149028304613456, 0.5449990678059752, 0.22452200828374955, 0.18210947746811423, 0.027440670350920675, 0.028155596892604835, 0.05673779472264237, 0.10807534504150973, 0.16250489262587892, 0.026911393946886235, 0.2875897809631333, 0.0908531891107168, 0.027217959440460994, 0.02548655807244677, 0.01976828295066815, 0.06065180960841501, 0.06850074641863484, 0.05912705183601341, 0.006593857084494043, 0.006563452350804613, 0.011437540937140406, 0.021819702454511723, 0.024909050014599813, 0.00519719787544203, 0.006865562651144876, 0.0207312183077336, 0.0043356085716376455, 0.0029568369212795054, 0.006410183226474359, 0.007564586761113728, 0.0029952051033986576, 0.002784431268623226, 0.01396753070976931, 0.003955799756140734, 0.0028506383527112894, 0.0037588932107985146, 0.010296776137598584, 0.0029486580125262906, 0.002753346763136923, 0.03498743388697219, 0.01081299013996701, 0.0015877574460399304, 0.003409814448445163, 0.002816416220768744, 0.0024219798414651925, 0.006457841463301984, 0.005270245034971494, 0.0135774524911406, 0.0060760129240221205, 0.0007122953135836833, 0.001541980970070602, 0.0006828735302079473, 0.0006043263549573471, 0.003033049186576644, 0.0017735012745306786, 0.0031918880907929456, 0.0036090960278979747, 0.0024365180253638676, 0.000982726991476626, 0.0004772797208764608, 0.0014393309825294584, 0.0023943511005963193, 0.0033512620802536096, 0.003875634034366032, 0.0006693679290897878, 0.0011025483949538184, 0.00041383386582429096, 0.0008038946289342936, 0.0013957251652483788, 0.00025128107553123286, 0.0002614468895354138, 0.0005623055983140089, 0.00026971973696557214, 0.0005081488415965718, 0.0008155981847866301, 0.0010241930226315282, 0.0014934778726969013, 0.0002359911477001181, 0.00022394427015178564, 0.0023502943485860456, 0.0008323765342997416, 0.00016340708484625466, 0.00023726536339042703, 0.00025550335928308627, 0.000276069957702599, 0.0002242666989582784, 0.0001905940329613692, 0.0008216257755119089, 0.00014059017442997785, 0.0005164705794243907, 0.00019112655239215926, 0.00031098439513224137, 0.0001236659514823973, 7.256512585279807e-05], "stepsize": [1.0, 0.125, 1.0, 1.0, 1.0, 0.125, 1.0, 1.0, 0.5, 1.0, 1.0, 0.5, 1.0, 1.0, 1.0, 1.0, 1.0, 1.0, 1.0, 1.0, 1.0, 0.5, 1.0, 1.0, 1.0, 1.0, 1.0, 1.0, 1.0, 1.0, 1.0, 1.0, 0.125, 1.0, 1.0, 0.25, 1.0, 1.0, 1.0, 1.0, 1.0, 0.03125, 1.0, 0.5, 1.0, 1.0, 1.0, 1.0, 1.0, 1.0, 1.0, 1.0, 1.0, 1.0, 1.0, 1.0, 1.0, 0.5, 1.0, 1.0, 1.0, 1.0, 0.25, 0.015625, 1.0, 0.25, 1.0, 1.0, 1.0, 1.0, 1.0, 0.25, 1.0, 1.0, 1.0, 0.03125, 1.0, 1.0, 1.0, 1.0, 1.0, 1.0, 0.0625, 1.0, 1.0, 1.0, 1.0, 1.0, 1.0, 0.5, 1.0, 1.0, 1.0, 1.0, 0.5, 1.0, 1.0, 1.0, 1.0, 1.0, 1.0, 0.5, 1.0, 0.0625, 1.0, 1.0, 1.0, 1.0, 1.0, 0.5, 1.0, 1.0], "MeshQuality": [0.26717685410457337, 0.26618611100512346, 0.26639495980862715, 0.2665049884233964, 0.26585163848104465, 0.2623361599998342, 0.2655975123087887, 0.26481426906586747, 0.26282706522102106, 0.25912526052685736, 0.24874857826429586, 0.23986588653183183, 0.2330307116514404, 0.22250843147598187, 0.21139644492322307, 0.21011872224220907, 0.20484191331607726, 0.200759822154846, 0.19642686883738103, 0.19398726049159853, 0.19689582328535493, 0.19734573477449735, 0.1983678543712738, 0.19849350610674277, 0.198771198952284, 0.19908043274115161, 0.1993255243215697, 0.19821614304409274, 0.18633849972404515, 0.19170566400124234, 0.1953090854915447, 0.19298520582845902, 0.1925943396239309, 0.1929941503767012, 0.19340740043606586, 0.19383806306009088, 0.1938353621354899, 0.19382871089006448, 0.19385327101553818, 0.19404314380415777, 0.19447942663210793, 0.19446126088631788, 0.1949591069979365, 0.19495080380626217, 0.1951449793146931, 0.19511073241646315, 0.19500786010887727, 0.19495629154906013, 0.19485840338348592, 0.19477060078808173, 0.19462464529864465, 0.19456337531004453, 0.19460198416919117, 0.1946468238049115, 0.194703781475128, 0.1947214550627664, 0.19304359258814818, 0.19105131370749706, 0.1895138756253093, 0.18902263721516788, 0.18888850471662788, 0.18906412118786642, 0.18925794307224542, 0.18814050266961513, 0.1882995680587095, 0.18479902918005042, 0.18537620200898053, 0.1847702528089793, 0.18413897510814325, 0.1841765817450498, 0.18372834401573013, 0.18339405404851128, 0.18336178314288476, 0.1829607134547997, 0.18255654990673498, 0.1826318978687227, 0.18224689591535737, 0.18218204910702573, 0.18214427882095985, 0.18215714275706185, 0.1823604140141286, 0.18290640993710605, 0.18282486151972088, 0.18340189358725356, 0.1835927067159766, 0.18382627968579712, 0.1839595549331693, 0.18367319121309644, 0.1835398697423023, 0.18350477489929884, 0.1834939650800671, 0.18348635664713986, 0.18348025824536884, 0.1834538569080354, 0.18341299129048239, 0.18332920786175133, 0.18333205999438007, 0.18304571858840657, 0.18294432298516727, 0.18280904784301844, 0.1827131522819868, 0.18269362255104682, 0.18267463043370014, 0.18270203096150617, 0.18267132975773503, 0.18216121618781467, 0.18077207958720865, 0.17607296981266873, 0.17286866870057405, 0.17208786977944124, 0.17238449613736817, 0.1724148513928686], "state_solves": 159, "adjoint_solves": 112, "iterations": 111}