{"cost_function_value": [32.67398449525287, 32.65120385174924, 32.61563383888541, 32.48116055166283, 32.12017046778596, 31.139307508477298, 31.087205223133516, 30.922204375288178, 30.551071139012738, 30.278655019543997, 30.08255724153731, 29.934313514451148, 29.81569720907273, 29.73429218665217, 29.673508315418278, 29.643633194364654, 29.6274519330563, 29.613158545285057, 29.609306819238245, 29.60824944956467, 29.603528652033212, 29.576942724823066, 29.527209360428177, 29.49863640212012, 29.498568670042893, 29.491754996126154, 29.490932837032837, 29.490804963611588, 29.490668454197046, 29.49049614183199, 29.48964689269443, 29.487111580238082, 29.48392742480626, 29.483541986110367, 29.4820107852547, 29.481571033561195, 29.481319057765045, 29.481309471490416, 29.48128280814284, 29.48127029954094, 29.481262644357773, 29.480909431896965, 29.48045182893946, 29.48027743972738, 29.480047013209457, 29.479738799289546, 29.479401451979225, 29.479388909132506, 29.479357440841707, 29.479351718845006, 29.479350924566816, 29.479349537739555, 29.47934833740918, 29.479347823704824, 29.479346795217882, 29.479345273124046, 29.479335934137126, 29.47932782189906, 29.479327112597257, 29.47932651728731, 29.47932406997088, 29.4793194128275, 29.47931906010915, 29.479305281198027, 29.4792757152691, 29.4792711854472, 29.479262999181174, 29.479261608510033, 29.479260825829076, 29.479257823353024, 29.47925756415224, 29.47925342087168, 29.479252378879682, 29.479249512622097, 29.479248458300752, 29.47924821841468, 29.479246215437303, 29.479245973082413, 29.479244955382434, 29.479244865244482, 29.479244341866053, 29.479242812063738, 29.47923798776815, 29.479231993612014, 29.47922066546097, 29.47921855155326, 29.47921299679025, 29.47921085322517, 29.47920912836035], "gradient_norm": [1.0, 1.5291481502411448, 1.001806326840815, 1.0284124280754305, 2.2171672071348243, 4.023224349770181, 2.089131215561304, 1.6554252725366585, 3.979239531602397, 0.7012710835816693, 3.313616717845673, 0.8466838956960796, 2.6583660918765895, 0.47571437696255425, 1.4392273510475269, 0.6593394706369449, 1.3260318855019502, 0.5948784606448171, 0.12303509745588734, 0.12212956553681899, 0.13324316057786328, 0.87426823736881, 0.2331193969385173, 0.3069855813456568, 0.608245109267346, 0.38097928702877576, 0.041957364684097366, 0.03316592371234117, 0.0321282079687231, 0.31485325384711027, 0.1905288614823854, 0.052413990351204476, 0.02256025462518479, 0.483441742726648, 0.13878950374573404, 0.07453046588913095, 0.05270638461541493, 0.027913433294582478, 0.020281066791742124, 0.014876847988314488, 0.01680275021601732, 0.10130225243466397, 0.13599149255613102, 0.04120632064048271, 0.04835746853615701, 0.11576101445665682, 0.08493562916113287, 0.012965701707096983, 0.01852860544840886, 0.003636924236867003, 0.0032535199515379685, 0.022959862603749846, 0.007275772198565944, 0.003162540482055363, 0.012534312677679281, 0.01711834196832026, 0.02367614758002483, 0.010234739941344084, 0.005797261376041295, 0.010189980869100938, 0.01447825881106206, 0.0028241233721585, 0.002840062296912095, 0.009892126221616003, 0.008823930371564303, 0.019302368476006783, 0.0046366050905479175, 0.002449348132962815, 0.0024904852618084666, 0.004365156979143346, 0.0038281533764934054, 0.0020880298936587303, 0.013401344887234585, 0.004601624042309171, 0.0018839269467758005, 0.001959177695382726, 0.006922898270027304, 0.0019662483323040184, 0.0038732889971384993, 0.0020387033062005374, 0.002039859332733768, 0.005561674758539868, 0.0038696110033614407, 0.002499089481638064, 0.015591382604540318, 0.010709679765642497, 0.0014358810894394545, 0.0020810167174912693, 0.008328454341679154], "stepsize": [1.0, 0.0625, 1.0, 1.0, 1.0, 0.25, 0.5, 1.0, 1.0, 1.0, 1.0, 1.0, 1.0, 1.0, 1.0, 1.0, 1.0, 1.0, 1.0, 1.0, 1.0, 1.0, 1.0, 1.0, 0.0625, 1.0, 1.0, 1.0, 1.0, 0.25, 1.0, 1.0, 1.0, 0.03125, 1.0, 1.0, 1.0, 0.0625, 1.0, 1.0, 1.0, 1.0, 1.0, 0.5, 1.0, 1.0, 1.0, 0.125, 1.0, 0.03125, 1.0, 1.0, 1.0, 1.0, 1.0, 1.0, 1.0, 1.0, 1.0, 1.0, 1.0, 1.0, 1.0, 1.0, 1.0, 0.25, 1.0, 1.0, 1.0, 1.0, 0.25, 1.0, 1.0, 1.0, 1.0, 1.0, 1.0, 1.0, 1.0, 1.0, 1.0, 1.0, 1.0, 1.0, 1.0, 1.0, 1.0, 1.0, 1.0], "MeshQuality": [1.0, 0.9975116808033418, 0.9971176186869621, 0.9922056442566659, 0.9749076254621405, 0.9128588841274725, 0.9202371967439562, 0.9119360362209328, 0.8751696995933386, 0.8647494273807907, 0.8147404766996801, 0.8039552892781624, 0.7498724620012782, 0.7398899184594169, 0.6923420998369022, 0.6762526878219642, 0.6332452379278596, 0.6289331488808929, 0.6158002610256421, 0.6073505324321373, 0.5987442028548787, 0.5579979987849157, 0.534900241001967, 0.5519265411084322, 0.5526538948459551, 0.569266350314531, 0.5657111672867167, 0.5671128932007923, 0.5680971033218453, 0.568059170531093, 0.5690410057394154, 0.5682855019089474, 0.5650552881248673, 0.5592907133815096, 0.5356715364424738, 0.5276659112579679, 0.5394663831077535, 0.5436194010051166, 0.5379935208907697, 0.5383259412172945, 0.5382625916233688, 0.5343570399137008, 0.5265026221216619, 0.5197640372881728, 0.5144213334666271, 0.5070349381485151, 0.4979748949882047, 0.49559366559285034, 0.49432215900213616, 0.496626662532284, 0.4964219259573528, 0.4971884356497611, 0.4965404874421285, 0.49664693073315347, 0.49733998653334455, 0.4977387128261032, 0.49952342108410186, 0.5019525698486123, 0.5014782878331424, 0.5011402975788213, 0.5002416384635157, 0.49900445180923786, 0.4989336123539476, 0.49797909026863235, 0.47455411011933335, 0.4679680316711935, 0.4629030282430337, 0.4642949678679766, 0.46561429951134414, 0.4692229072592346, 0.4709466270139415, 0.475824918213313, 0.47675864883714353, 0.47609956793621333, 0.4742109845576262, 0.473528718971339, 0.4698506963234431, 0.4646246275134649, 0.4637379493683961, 0.4644709772859617, 0.46439432883248283, 0.46160444884684315, 0.45544953409305233, 0.4415598941561785, 0.4196536610539384, 0.3949867245434966, 0.39608414069384135, 0.4003788201443596, 0.390805007834131]}