{"cost_function_value": [32.67398449525287, 32.628679683202876, 32.16318588490165, 31.334642588921447, 30.884455484654232, 30.227471914872833, 29.702880882736856, 29.68957258244104, 29.678248166775457, 29.677928696825585, 29.66866558198886, 29.650474539227506, 29.648718931588622, 29.525112386104656, 29.52082580147102, 29.520772162526452, 29.518092514871185, 29.515984651486473, 29.497220875384507, 29.497160675058648, 29.496739060949196, 29.487091530134126, 29.485535588257722, 29.485472707976985, 29.48535430955302, 29.485133871258764, 29.48059288236625, 29.479582780671798, 29.479562451876387, 29.479495397354015, 29.47875913061644, 29.477089547101883, 29.477048540237192, 29.47703814607601, 29.476781896545667, 29.475688982807352, 29.475688410998657, 29.475680027870226, 29.475659523939903, 29.475658665537846, 29.475650080570365, 29.47562800531308, 29.475585627427844, 29.47558527912752, 29.475584499787647, 29.47558170695971, 29.475579396259146, 29.475556738155774, 29.475546832487762, 29.475540390377923, 29.47553223155724, 29.47553207623342, 29.47553162314505, 29.4755303401082, 29.47553020365762, 29.47553008915178, 29.47552998293285, 29.4755293291105, 29.47552477715626, 29.47552005129311, 29.475519052290913, 29.475518948849924, 29.47551892654003, 29.475518908843746, 29.475518482077238, 29.475516822605428, 29.475514670336047, 29.47551414521055, 29.47551406449453, 29.475514052605785, 29.475514006593865, 29.47551380655349, 29.475511909879625, 29.47551062428077, 29.475510607098844], "gradient_norm": [1.0, 1.5327140073198542, 0.6765886931686849, 2.3722976812305614, 4.350850467875133, 3.9994464794657745, 2.102045716692873, 1.8453295216966754, 1.5434305826448596, 1.5245688562231092, 1.245162475830582, 0.14431801393034382, 0.1419515478687809, 0.7896674435962181, 0.17877929825954442, 0.2560813119632361, 0.1546964564317956, 0.899344551927526, 0.08152987079203476, 0.08334768372391173, 0.08670931018075499, 0.5719105219701022, 0.09703281826946869, 0.06367288145127678, 0.09094285869152832, 0.45363586887700436, 0.5169276686429319, 0.02969065494002543, 0.03019965911086065, 0.11304930552974779, 0.1638600995410432, 0.0682198395831163, 0.016569965980616854, 0.017222124190990968, 0.15439515254877392, 0.042635380030409176, 0.04805998104249014, 0.04312342937114927, 0.00461127385681966, 0.007260030529478847, 0.004677290914929446, 0.03878468201468831, 0.013886904981490351, 0.011031306520558953, 0.011233038987647073, 0.008334232408665447, 0.020600034228044288, 0.021711168692262146, 0.027689799177111032, 0.02762005425390286, 0.003316668481320264, 0.002728046105911786, 0.0017484335121774359, 0.009753100565029716, 0.0065415823635726535, 0.0029017179775839945, 0.0043136532709351205, 0.011713547143116607, 0.02834259428701958, 0.018615651032728695, 0.008816273219721163, 0.0018633408629991927, 0.0016525343260765967, 0.003850260997415365, 0.008507053730778234, 0.016102965034730774, 0.010894478682893989, 0.004515231257231279, 0.001544117693479476, 0.001354042765352177, 0.0019350803328283342, 0.006806534255529509, 0.013064413527186045, 0.004488853303427978, 0.0008610912631137351], "stepsize": [1.0, 0.125, 0.25, 0.5, 0.0625, 0.125, 0.125, 0.03125, 0.0625, 0.0625, 0.0625, 0.03125, 0.0625, 0.125, 0.015625, 0.03125, 0.0625, 0.0625, 0.125, 0.03125, 0.0625, 0.0625, 0.015625, 0.015625, 0.03125, 0.0625, 0.0625, 0.015625, 0.03125, 0.03125, 0.0625, 0.03125, 0.015625, 0.03125, 0.03125, 0.0625, 0.03125, 0.0625, 0.03125, 0.0625, 0.125, 0.125, 0.0625, 0.03125, 0.0625, 0.0625, 0.125, 0.125, 0.0625, 0.0625, 0.03125, 0.03125, 0.0625, 0.125, 0.25, 0.015625, 0.03125, 0.0625, 0.0625, 0.03125, 0.0078125, 0.0078125, 0.015625, 0.03125, 0.0625, 0.03125, 0.015625, 0.0078125, 0.0078125, 0.015625, 0.03125, 0.03125, 0.0625, 0.03125, 0.015625], "MeshQuality": [1.0, 0.9950166672714819, 0.9784357634506109, 0.9330517809183267, 0.8774528627066996, 0.8060266561945546, 0.630078273928975, 0.6105687390504714, 0.5957464919091101, 0.5842209248624619, 0.5736620102731884, 0.5694465226682955, 0.5688995620333361, 0.46031391036647723, 0.4577753392448494, 0.45795643844981165, 0.4593668090145666, 0.4668826175083, 0.5140374293726994, 0.5140090291299061, 0.513708905484805, 0.4858280791773767, 0.482822412263408, 0.4828491232487977, 0.4831226400790612, 0.4872776557065216, 0.5086105062286078, 0.5201428774867292, 0.5201050107405795, 0.5197256653114591, 0.5177184441309683, 0.5092912978475468, 0.5091102595470995, 0.509143567668665, 0.5109301771012427, 0.5172123183973457, 0.5175094018690777, 0.5178408205974815, 0.517974513155749, 0.5179666977659957, 0.51789601012021, 0.5174879936773289, 0.5165116372733745, 0.5164720520916325, 0.5164731744264542, 0.5165046438139966, 0.5166273936720283, 0.5172098972602472, 0.5177410234900072, 0.5183397663755128, 0.5186107690289017, 0.51862111198143, 0.5186438889904936, 0.5187700829770833, 0.5205992609091942, 0.5206182740473335, 0.5206172465743276, 0.5205883630930727, 0.5203458643109334, 0.519670217060485, 0.5196204347593689, 0.5196039961182048, 0.519605547184319, 0.5196150689078735, 0.5196834159424688, 0.52002831949988, 0.520504740829898, 0.5206082479250311, 0.520626825702824, 0.5206284472872191, 0.5206261725345752, 0.5206003890035503, 0.5204273323197363, 0.5199535450770785, 0.5199406804867184], "state_solves": 153, "adjoint_solves": 75, "iterations": 74}