{"cost_function_value": [2.999999999999999, 2.2697654496557105, 0.7865740105336008, 0.4552050416225673, 0.37986442819245064, 0.36268142898183026, 0.3582199924714285, 0.3166515015653092, 0.24892180041995848, 0.23484473973129072, 0.08498415518171332, 0.03062903166452247, 0.006412330964636616, 0.0061881198147371065, 0.001337477876825668, 0.001190859630953015, 0.001153098965742955, 0.0011396644754493358, 0.0011084974174315541, 0.0010833844079912978, 0.0010808627881742907, 0.0010434332116105655, 0.0010166417104221406, 0.0009858428995450437, 0.0009748377465812126, 0.0009699486076798898, 0.0009651489201455821, 0.0009512628332314201, 0.0009473769590992884, 0.0009418771596890979, 0.0009370904298324832, 0.0009316425170251581, 0.0009284494093814903, 0.0009168897545088757, 0.0008978736601411931, 0.0008607028276174177, 0.0008174275596393208, 0.0007555327326938968, 0.0007430384312702545, 0.0007170774415458151, 0.0007112675438117996, 0.0006854525510236264, 0.0006799580397812147, 0.000672290665301429, 0.0006667193946487287, 0.0006578888510756273, 0.0006488129077429804, 0.0006373008103860801, 0.0006257353496897056, 0.0006139170426559069, 0.0005943769919228153, 0.0005788428943331171, 0.0005661071387923029, 0.0005631242929327632, 0.0005549273857265366, 0.0005500089660573383, 0.0005340347411441093, 0.0005052192997930453, 0.0004419389713522726, 0.0003959468872085616, 0.0003459281845137783, 0.00032724860370744567, 0.00027356940490900935, 0.00026982511511925247, 0.00026112778869212213, 0.00025757306593993096, 0.0002527185071920867, 0.0002476979333747323, 0.0002424119117683406, 0.00023842130823479812, 0.0002364064069874147, 0.00023489389448883984, 0.0002319389376465504, 0.00021508819547137994, 0.00020322619524787213, 0.00019844607773220115, 0.00019397719058019045, 0.00019358200527466743, 0.00019112714494604155, 0.0001885778758831234, 0.0001859744525989883, 0.00018392840465905207, 0.00017261868331942205, 0.00016855658237455298, 0.00016758440412427273, 0.0001669566968652231, 0.00016180088708700385, 0.00016019798203753956, 0.00015934737544941093, 0.00015865682941750044, 0.00015563047322293588, 0.0001531571903330212, 0.00015229359654445228, 0.0001509172548730808, 0.00015073725363563524], "gradient_norm": [1.0, 0.491632289120058, 0.563294396127812, 0.5725798167691747, 0.19047134427304502, 0.05874067356041882, 0.058571356510063496, 0.19167381440829154, 0.23401793369884286, 0.7622858605114831, 0.2537288707825912, 0.06653320465555, 0.06927975191800306, 0.13901777626780246, 0.01820530659670881, 0.005592212920463435, 0.004236300522877404, 0.013654415246592638, 0.009651299627176008, 0.002067814752859465, 0.001973358347168292, 0.003619152910871997, 0.007471682156823556, 0.003306241531530724, 0.0017163871113261152, 0.0012932075928841233, 0.0015169555520028273, 0.0039452860836654965, 0.0037782334309611337, 0.0018471438648027985, 0.0017361756699663879, 0.001687652156539051, 0.006590478634366205, 0.0031551161996851047, 0.00194163987415479, 0.006353576695730136, 0.008522175796483277, 0.0027271650007490806, 0.0023402157164578493, 0.003363688352392152, 0.00975621854870595, 0.0029112061766719097, 0.0024764257124812077, 0.0025506769390490442, 0.005491016111827266, 0.0021523819141307417, 0.0016006251113745028, 0.0034870525974671856, 0.0042810749665329354, 0.006668801443283056, 0.002723550096012102, 0.002757730416367651, 0.0031874576356874474, 0.005320032427008749, 0.0020428372676779046, 0.0019740852843825704, 0.004914371080933953, 0.008522411623415643, 0.011001242350913166, 0.011701592194049412, 0.0044184139838844075, 0.003918165707767237, 0.0032489840214339305, 0.005518393436263664, 0.001959426533086931, 0.0014556968387349264, 0.0018981188260407404, 0.002537364335618599, 0.00206709420518258, 0.0006767683341881958, 0.0010420672919039904, 0.002278440641067837, 0.0016494536418019525, 0.002223421429979278, 0.0038952642950712195, 0.003722549593941059, 0.0006341730987741995, 0.0007307118361247954, 0.0014579166485100977, 0.0021197488449373456, 0.0014437328491339356, 0.0010379269581116473, 0.0020562474267456863, 0.001553238265836743, 0.0009733497829814303, 0.0009282753990489384, 0.001335236628120925, 0.001796482357169371, 0.0008735335137242885, 0.0007568623389317389, 0.0018212592378440747, 0.0021029864938474576, 0.001910556484206215, 0.0005350729828829407, 0.00038761433630546996], "stepsize": [1.0, 0.0625, 1.0, 0.25, 1.0, 1.0, 1.0, 1.0, 1.0, 0.5, 1.0, 1.0, 1.0, 0.5, 1.0, 1.0, 1.0, 1.0, 1.0, 1.0, 1.0, 1.0, 1.0, 1.0, 1.0, 1.0, 1.0, 1.0, 0.5, 1.0, 1.0, 1.0, 1.0, 1.0, 1.0, 1.0, 1.0, 1.0, 1.0, 1.0, 1.0, 1.0, 1.0, 1.0, 1.0, 1.0, 1.0, 1.0, 1.0, 0.5, 1.0, 1.0, 1.0, 0.5, 1.0, 1.0, 1.0, 1.0, 1.0, 0.5, 1.0, 1.0, 1.0, 0.5, 1.0, 1.0, 1.0, 1.0, 1.0, 1.0, 1.0, 1.0, 1.0, 1.0, 1.0, 1.0, 1.0, 1.0, 1.0, 1.0, 1.0, 1.0, 1.0, 1.0, 0.5, 1.0, 1.0, 1.0, 1.0, 1.0, 1.0, 1.0, 0.125, 1.0, 1.0], "MeshQuality": [1.0, 0.6546592897146836, 0.7835795084645893, 0.8406420947765743, 0.8644917034956525, 0.8542405559389389, 0.8580843882601462, 0.8775157561013901, 0.7747283395771473, 0.5583813297981154, 0.37897972820860976, 0.3252482750019634, 0.2304356751130738, 0.17812530881610927, 0.17682630169831423, 0.17153794100158956, 0.16814716726786233, 0.16372264534443476, 0.16563540601067744, 0.1654232955669091, 0.1654442806502937, 0.16609802776783394, 0.1671209315729929, 0.16837864221752682, 0.16871953452184776, 0.16898269353369286, 0.16898514536393444, 0.16869996415550534, 0.1685427372973803, 0.1684884007357374, 0.168366449563548, 0.16816759245021526, 0.16792853001521232, 0.16784049019486866, 0.16769827251914815, 0.16721915860074849, 0.1666228301426862, 0.16554368761812313, 0.16542586853923255, 0.16529764819729287, 0.1656723647168937, 0.16564825869130964, 0.16571606235727454, 0.16585378712796256, 0.16581742830842136, 0.16581181010102777, 0.1656722617378663, 0.1653756506443014, 0.165034619284538, 0.1644499563881629, 0.1641497836569735, 0.16384221790313094, 0.16351079210034447, 0.16329866839195836, 0.16322779627741604, 0.16319798456934878, 0.16305461482252454, 0.1628010273297949, 0.16219187917478461, 0.16150367057670226, 0.16096691530610832, 0.16079008988605278, 0.16004861031302836, 0.1600770977545064, 0.16000434898614418, 0.16007144254351297, 0.16024613698260226, 0.160429848044314, 0.16073265259537006, 0.16067532387767341, 0.1606077472970073, 0.1605689329340246, 0.16054490923158418, 0.16046325195625818, 0.1604187974621085, 0.16037993872500825, 0.16040453617771963, 0.16041308532329152, 0.16046911284902873, 0.1605679486112637, 0.16067917525978465, 0.16069943983810941, 0.16095075425527264, 0.16115131125239796, 0.16120616878965918, 0.16122498020765938, 0.16143604980971843, 0.16154626460241803, 0.16155677473185923, 0.1615519253707593, 0.1615426449164965, 0.16152285889051451, 0.16151156600242714, 0.16149312120445672, 0.16149064338140054], "state_solves": 110, "adjoint_solves": 95, "iterations": 94}