{"cost_function_value": [0.12434418714986063, 0.12430461218100439, 0.003277094424567905, 0.0014636768510557165, 0.0007765686948199373, 0.0007765629380125374, 0.000776462521187401, 0.0007764612655672169, 0.0007764541024444483, 0.0007764530180242318], "gradient_norm": [1.0, 0.9998398373858426, 0.568994276257489, 0.27694560921234723, 0.0005718319284618076, 0.0005520022404747859, 0.00014867374744967975, 0.0009820378951468953, 0.0002529334247664146, 9.231938579020907e-05], "stepsize": [1.0, 1.0, 1.0, 0.125, 1.0, 1.0, 1.0, 1.0, 1.0, 1.0], "state_solves": 13, "adjoint_solves": 10, "iterations": 9}