{"cost_function_value": [0.12434418714986062, 0.12430461218100439, 0.00327709442412145, 0.0014636768510953029, 0.0007765686948198414, 0.0007765629380124496, 0.0007764625211873868, 0.0007764612655671939, 0.0007764541024444344, 0.0007764530180242189], "gradient_norm": [1.0, 0.99983983738584, 0.5689942762066994, 0.27694560922672595, 0.0005718319280816154, 0.0005520022401236763, 0.0001486737473871998, 0.0009820378941589488, 0.00025293342418873004, 9.231938566525374e-05], "stepsize": [1.0, 1.0, 1.0, 0.125, 1.0, 1.0, 1.0, 1.0, 1.0, 1.0]}