{"cost_function_value": [2.999999999999999, 0.8026360330096278, 0.3592956449434745, 0.2652235676734303, 0.24248828098109548, 0.21136579264499408, 0.08815698542754676, 0.02037837687216017, 0.018684855718248808, 0.013181796068171634, 0.013043271768078069, 0.013009587471030964, 0.012702185981715306, 0.012404047557490035, 0.01058384991770067, 0.00903189918388313, 0.005522263936189612, 0.0039680964409587495, 0.0017942601249839923, 0.0011780128175649979, 0.0011724481925699, 0.0011693075849693222], "gradient_norm": [1.0, 0.309982807068916, 0.12782003832402225, 0.18805014390400868, 0.1268777480888106, 0.08759894768885713, 0.0744965470651645, 0.04872999923501351, 0.023068622574151397, 0.01968930048352136, 0.01938060282476157, 0.019339516701409917, 0.021638663867924356, 0.016112152012907232, 0.02301257237136134, 0.03352378823530619, 0.0382452993095197, 0.0294042636296376, 0.013782294560117068, 0.0034411232042368452, 0.0017913901126608953, 0.00042958930657283957], "stepsize": [1.0, 0.00390625, 1.0, 1.0, 0.5, 1.0, 1.0, 1.0, 0.03125, 0.25, 0.00390625, 0.0009765625, 0.0009765625, 1.0, 1.0, 1.0, 1.0, 0.25, 1.0, 1.0, 0.25, 1.0], "MeshQuality": [1.0, 0.582607035850458, 0.633320197578383, 0.5565258513616594, 0.5223751651963638, 0.4859910941416994, 0.2315425202269257, 0.1049262046930462, 0.1025218938570638, 0.0022619100714591058, 0.00018543571991091627, 2.274343088476477e-05, 2.4808407580539855e-05, 2.6063155148907737e-05, 4.357609782934232e-05, 7.45315487943798e-05, 0.00019127521386214666, 0.0002731673101582795, 0.0004897551321701596, 0.0005691591205822956, 0.0005734104881078407, 0.0005803825373800301], "state_solves": 32, "adjoint_solves": 22, "iterations": 21}