{"cost_function_value": [3.0000000000000018, 2.11021953839863, 0.6692309821523147, 0.4964555790228863, 0.4883041666225142, 0.45780150722344376, 0.4546660270914013, 0.44873065336967527, 0.43718566768466116, 0.4311454719845325, 0.4086746116412865, 0.25876745846504107, 0.05970380748915236, 0.03660358113210111, 0.0233382129896778, 0.011697965269626624, 0.00454309602640076, 0.00402700931849519, 0.003952709418326842, 0.003894416036227636, 0.0038850003000376948, 0.0037289527520484966, 0.0036547263231300415, 0.0035921933642786828, 0.0032166343289006917, 0.003063269366306219, 0.0030489602918031848, 0.0029629686476087404, 0.002909550098341941, 0.002435746919641071, 0.0020488477733334805, 0.0017702054592112647, 0.0016696469763649636, 0.0016176569961816258, 0.0014816283996541726, 0.001412641864535735, 0.0013221997401869424, 0.0012428399956746724, 0.0011952449130460106, 0.0009956405347160602, 0.0009321088157247947, 0.0009240023857632581, 0.0007450942911846703, 0.0007222843732759886, 0.0006984980959171218, 0.0006618701540777666, 0.0006410816032996385, 0.0006221046311917517, 0.0005965642749937807, 0.0005792561519275259, 0.0005729606082039888, 0.0005549435511458844, 0.0005392601139320503, 0.0005140071124550388, 0.0005026655054502764, 0.0004512129909323691, 0.00042714312063100025, 0.0003869516741041887, 0.0003823769713693787, 0.0003815512933535844, 0.00038059309073443064, 0.00038008456194277426, 0.00037978724568515384, 0.0003792015762719818, 0.00037886619397107607, 0.0003781152754413158, 0.00037791718142518214, 0.0003775488228750948, 0.0003771749119328928, 0.00037696161971196706, 0.00037663903079528235, 0.0003764658779623537, 0.0003763913130748547, 0.0003761503418318177, 0.0003749654306873492, 0.00037396052157037896, 0.00037329507519577256, 0.00037146752137621125, 0.0003710378940047888, 0.00037094429253463893, 0.00037017523168136895, 0.0003700154725779298, 0.00036976392423825126, 0.00036964862321536385, 0.0003695178610882973, 0.0003694216631475908, 0.00036935703088575707, 0.00036931843927634706, 0.000368974616502288, 0.00036891479544353496, 0.0003687763120850585, 0.0003687098381549161, 0.0003682992666781589, 0.00036809086807312413, 0.0003679855274285443, 0.00036798078379610615, 0.0003674481398847473, 0.00036735712265235427, 0.0003673262957041968, 0.0003669976934559748, 0.00036699056781214846], "gradient_norm": [1.0, 1.1459071428857133, 0.3120470503615094, 0.10855482441940185, 0.28665944379546726, 0.12960959510619416, 0.22187459954919767, 0.1991596065867644, 0.10632855077117045, 0.11013553268761149, 0.13205755087600332, 0.8204072416125103, 0.2654042339055047, 0.15446654478045774, 0.11217648242100263, 0.1504052717675814, 0.038638168985394086, 0.01852224149564319, 0.01884798715470118, 0.019133686294704924, 0.022294066137292914, 0.010045786515985049, 0.009360259750949522, 0.026543878829621344, 0.023043340648117902, 0.013653215288577289, 0.016429776534641068, 0.007760853884353456, 0.007332283782594868, 0.029726560492575004, 0.030074199267191376, 0.021145386015183294, 0.02027355481797954, 0.020655513377403, 0.00935721134010195, 0.007482600359521338, 0.013921429225787868, 0.005241985771358594, 0.0045152080151312605, 0.0186711207534336, 0.024197123509777995, 0.023931276469980816, 0.010442778158198187, 0.011595102814415425, 0.010661546403265222, 0.005058888089632546, 0.004009358576579376, 0.007589145032249361, 0.003959682535927354, 0.0029968339297449242, 0.0066345593093741495, 0.0030991997029430713, 0.002369337503246988, 0.00364228113732498, 0.004120245738156282, 0.0022282583310877027, 0.011530850586460497, 0.003808147686891023, 0.0017460463199043502, 0.0018229402053347948, 0.0014587779652283602, 0.0013590812586046243, 0.0013483755347008404, 0.000633870288770927, 0.000524578004754454, 0.0005725140576574686, 0.0007314990131903274, 0.0007202415810638589, 0.0006198615009095319, 0.0012163666135100847, 0.0007307199716183523, 0.0003742068028369322, 0.0003631269719233693, 0.0004092825889673282, 0.002082684758278509, 0.002716990206347088, 0.0024097693419702455, 0.001087762517554813, 0.0010816933354796296, 0.001586714414532675, 0.00043785666284498314, 0.0003762863452872114, 0.0005657418731690743, 0.0007639343061859357, 0.000541600786237453, 0.00028253080424779203, 0.00024393026647872426, 0.0009635869494941753, 0.00036138561225896795, 0.00030708678018972503, 0.0002186385082761892, 0.0009900722470775787, 0.00036360562078252697, 0.0002527146149172088, 0.0009003730956228329, 0.0013238663674763876, 0.0003545248803703649, 0.00036354556982278694, 0.0009497309204258789, 0.0003543860443722744, 0.0003543860443722744], "stepsize": [1.0, 0.00390625, 0.0009765625, 0.0009765625, 0.001953125, 0.00048828125, 0.0009765625, 0.00048828125, 0.000244140625, 0.00048828125, 0.0009765625, 0.00048828125, 0.00048828125, 0.000244140625, 0.00048828125, 0.0009765625, 0.00048828125, 0.000244140625, 0.00048828125, 0.00048828125, 0.00048828125, 0.000244140625, 0.00048828125, 0.00048828125, 0.0009765625, 0.00048828125, 0.00048828125, 0.000244140625, 0.00048828125, 0.00048828125, 0.0009765625, 0.00048828125, 0.00048828125, 0.00048828125, 0.000244140625, 0.00048828125, 0.00048828125, 0.00048828125, 0.0009765625, 0.0009765625, 0.0009765625, 0.00048828125, 0.000244140625, 0.00048828125, 0.00048828125, 0.000244140625, 0.00048828125, 0.0009765625, 0.00048828125, 0.0009765625, 0.0009765625, 0.00048828125, 0.0009765625, 0.0009765625, 0.0009765625, 0.001953125, 0.0009765625, 0.00048828125, 0.000244140625, 0.00048828125, 0.00048828125, 0.00048828125, 0.00048828125, 0.000244140625, 0.00048828125, 0.0009765625, 0.0009765625, 0.0009765625, 0.0009765625, 0.001953125, 0.00048828125, 0.000244140625, 0.00048828125, 0.0009765625, 0.0009765625, 0.0009765625, 0.00048828125, 0.000244140625, 0.00048828125, 0.0009765625, 0.000244140625, 0.00048828125, 0.0009765625, 0.0009765625, 0.00048828125, 0.000244140625, 0.00048828125, 0.00048828125, 0.00048828125, 0.00048828125, 0.0009765625, 0.00048828125, 0.00048828125, 0.0009765625, 0.0009765625, 0.0009765625, 0.000244140625, 0.00048828125, 0.0009765625, 0.00048828125, 0.0009765625],