{"cost_function_value": [-0.010710701247112247, -0.05883321540048748, -0.06555925947427554, -0.09209476824962146, -0.09335348296604572, -0.09341891416229023, -0.09350254186063946, -0.09368835779870924, -0.09370320239748672, -0.0937249708890762, -0.09374325088814793, -0.09375140823005677, -0.09375389912808657, -0.09376064623774756, -0.09376323513664338, -0.09376427690001884, -0.09376488658176615, -0.09376545163096668, -0.09376566177672638], "gradient_norm": [1.0, 0.290899583238997, 0.24583807649964992, 0.050102216974173275, 0.017142124214048288, 0.024008993546922704, 0.020285641579418267, 0.006391831428868238, 0.0158874833347395, 0.007905224283842764, 0.00386792574853869, 0.004013554966818029, 0.009219383719025212, 0.0038586162869677135, 0.0017346348571377673, 0.001674619246023126, 0.002501101774613936, 0.0010352836187953567, 0.0008478413357958278], "stepsize": [1.0, 0.25, 1.0, 1.0, 1.0, 1.0, 1.0, 1.0, 1.0, 1.0, 1.0, 1.0, 0.25, 1.0, 1.0, 1.0, 1.0, 1.0, 1.0], "MeshQuality": [0.3126345571836947, 0.3133864049012142, 0.3143021457104046, 0.26114766501952696, 0.4179493786182114, 0.41748745227244866, 0.4171328898287985, 0.4139801967515397, 0.4119807745692914, 0.41127129668917994, 0.4102326868199773, 0.4099874668783408, 0.4113281465127384, 0.41170790898089915, 0.4128753429878928, 0.41400556652671444, 0.4151629237316558, 0.4151556889565055, 0.41507459923780343], "initial_gradient_norm": 0.634162226307376, "state_solves": 24, "adjoint_solves": 19, "iterations": 18}