{"cost_function_value": [-0.010710701247112275, -0.058833215400487214, -0.06555925947427521, -0.09209476824962189, -0.09335348356358737, -0.09341891467063694, -0.09350254217987962, -0.09368835809752675, -0.09370320332650307, -0.09372497186197695, -0.09374325189602112, -0.09375140904682254, -0.09375389922815995, -0.09376064629560443, -0.09376323516455523, -0.09376427731820364, -0.0937648865091959, -0.09376545201103059, -0.09376566205889032], "gradient_norm": [1.0, 0.2908995832389938, 0.24583807649965103, 0.050102216974149474, 0.017142126685834928, 0.024009019093443794, 0.02028564316878872, 0.006391807579206077, 0.015887139655809124, 0.007905165182555176, 0.003867886381716813, 0.004013642483696643, 0.009219819988085841, 0.0038584517036234184, 0.0017346684989415946, 0.0016745674448175336, 0.00250363267525518, 0.0010353491101071637, 0.0008477975446633024], "stepsize": [1.0, 0.25, 1.0, 1.0, 1.0, 1.0, 1.0, 1.0, 1.0, 1.0, 1.0, 1.0, 0.25, 1.0, 1.0, 1.0, 1.0, 1.0, 1.0], "MeshQuality": [0.3126345571836947, 0.3133864049012093, 0.31430214571040815, 0.2611476650195171, 0.41794937861823783, 0.417487448679133, 0.4171328838784906, 0.41398017299475065, 0.41198074703258725, 0.411271195858114, 0.4102325444325339, 0.4099873986065528, 0.4113278724575023, 0.41170751385728893, 0.41287476615445623, 0.4140052231474779, 0.4151629209757527, 0.4151553914951008, 0.41507435904605644], "initial_gradient_norm": 0.6341622263073908, "state_solves": 24, "adjoint_solves": 19, "iterations": 18}