{"cost_function_value": [-0.010710701247112275, -0.058833215400487214, -0.06555925947427498, -0.09209476824962222, -0.09335348294161946, -0.0934189141380195, -0.09350254183579129, -0.09368835777167639, -0.09370320244879791, -0.09372497094278949, -0.09374325095628598, -0.09375140825849719, -0.09375389905192666, -0.09376064615286958, -0.09376323504305546, -0.09376427685505496, -0.09376488646868125, -0.09376545157780623, -0.09376566171022795], "gradient_norm": [1.0, 0.2908995832389938, 0.2458380764996501, 0.050102216974162526, 0.01714212448438841, 0.024008994401110487, 0.02028564198549744, 0.006391828534975019, 0.015887438215626343, 0.00790521901997831, 0.003867917500767605, 0.004013561539708527, 0.009219448903518654, 0.003858593203008727, 0.0017346368116828523, 0.0016746088030310273, 0.0025014402182404, 0.0010352919050813116, 0.0008478352356501559], "stepsize": [1.0, 0.25, 1.0, 1.0, 1.0, 1.0, 1.0, 1.0, 1.0, 1.0, 1.0, 1.0, 0.25, 1.0, 1.0, 1.0, 1.0, 1.0, 1.0], "MeshQuality": [0.3126345571836947, 0.3133864049012093, 0.3143021457104074, 0.26114766501951825, 0.4179493786182355, 0.41748745301028123, 0.4171328914151499, 0.413980200119972, 0.411980777190487, 0.411271289824886, 0.4102326721654635, 0.40998746178156914, 0.4113281185060528, 0.41170786313810576, 0.41287527173032323, 0.41400552355238474, 0.41516292237571417, 0.4151556474300502, 0.4150745645738927], "initial_gradient_norm": 0.6341622263073908, "state_solves": 24, "adjoint_solves": 19, "iterations": 18}