{"cost_function_value": [-0.010710701247112256, -0.05883321540048761, -0.0655592594742754, -0.09209476824962368, -0.09335348364660857, -0.09341891473970806, -0.09350254222375748, -0.09368835814458373, -0.09370320337115352, -0.09372497190794664, -0.09374325193086425, -0.0937514090940388, -0.09375389928966753, -0.09376064636083185, -0.0937632352346619, -0.09376427738808392, -0.09376488658562539, -0.09376545208377002, -0.09376566213257026], "gradient_norm": [1.0, 0.2908995832389904, 0.2458380764996567, 0.05010221697416133, 0.01714212630112663, 0.02400902085944514, 0.020285642909309388, 0.006391807287869085, 0.01588714192958251, 0.007905163133094766, 0.003867889112733439, 0.004013645953119811, 0.00921981056149503, 0.003858454380983901, 0.0017346705511304922, 0.0016745711295088977, 0.002503609971595067, 0.0010353486602028038, 0.0008477979518584943], "stepsize": [1.0, 0.25, 1.0, 1.0, 1.0, 1.0, 1.0, 1.0, 1.0, 1.0, 1.0, 1.0, 0.25, 1.0, 1.0, 1.0, 1.0, 1.0, 1.0], "MeshQuality": [0.3126345571836947, 0.313386404901219, 0.31430214571040926, 0.2611476650194761, 0.41794937861822284, 0.41748744747897104, 0.417132881516151, 0.41398016576777563, 0.41198073924592316, 0.4112711880110382, 0.41023253790392267, 0.4099873907558393, 0.41132786175113856, 0.41170750483438256, 0.41287475915326344, 0.4140052161067689, 0.41516291345499956, 0.4151553868991204, 0.4150743544239866], "initial_gradient_norm": 0.6341622263073617, "state_solves": 24, "adjoint_solves": 19, "iterations": 18}