{"cost_function_value": [0.9402629412748328, 0.8872662980139615, 0.7179042735637068, 0.6630972101306966, 0.6078865654161506, 0.5553725774603642, 0.4958623310466745, 0.4554271510711965, 0.45387018499158677, 0.43809743063393775, 0.43700130772354095, 0.4354969440034795, 0.434417842173186, 0.43388346849200427, 0.43366474678186717, 0.4336089128896338, 0.43332135135115873, 0.43313984038931147, 0.43308707885720443, 0.43306382305385593, 0.43302379460959056, 0.4329964065593812, 0.4329703766307099, 0.43296038225335387, 0.43295823026996816, 0.43294344786959493, 0.4329432785207971, 0.4329392719288917, 0.43293771382870927, 0.4329336342734456, 0.4329276888788153, 0.43292641644484414], "gradient_norm": [1.0, 0.8260093938669839, 0.29675315611906306, 0.17981975242532972, 0.10319760253400907, 0.08522141163079752, 0.21459709051570533, 0.06932964108145068, 0.11823118866940839, 0.03223576499079419, 0.018323897871906098, 0.012939281800520622, 0.008789650717388318, 0.03010163713530829, 0.015381825076703165, 0.01187757774841702, 0.0054854730961403746, 0.005031326432625982, 0.003424791981333714, 0.0024099708078122225, 0.002139970193757691, 0.001760694020955398, 0.0015088209563610504, 0.002147693882093894, 0.0016859361424888335, 0.0009888191169304611, 0.0022144722669485777, 0.0008364910917100376, 0.000602133341866375, 0.000587991023734431, 0.0006405396726779822, 0.0004996522011699547], "stepsize": [1.0, 0.005, 1.0, 1.0, 1.0, 1.0, 1.0, 1.0, 1.0, 1.0, 1.0, 1.0, 0.5, 1.0, 3.814697265625e-06, 0.0078125, 1.0, 1.0, 0.5, 1.0, 1.0, 1.0, 1.0, 1.0, 1.0, 1.0, 0.5, 1.0, 1.0, 1.0, 0.5, 0.125], "MeshQuality": [0.2660408205050946, 0.26633767441292344, 0.2657664569641669, 0.2561659810341115, 0.24486803984633632, 0.231610531879603, 0.19578961737251133, 0.04173199247687709, 0.084277903347165, 0.00451173445315689, 0.02766677560447517, 0.02975298412963412, 0.036527093852076975, 0.0007699601214805618, 0.005783000302217345, 0.015535788265003236, 0.020601910573952553, 0.023358198822029386, 0.02454833864377781, 0.023304979152220406, 0.018408220357861937, 0.01132790436978448, 0.006836322177025123, 0.0014513029770630848, 0.00689177009349351, 0.004406159157240741, 0.002227398062952468, 0.002416589240752831, 0.0035165665155257875, 0.0031812343982917657, 0.000790488915491494, 0.00027968332941308294], "initial_gradient_norm": 3.4078422079841055, "state_solves": 37, "adjoint_solves": 32, "iterations": 31}