{
    "stepsize": [
        1.0,
        0.005,
        1.0,
        1.0,
        1.0,
        1.0,
        1.0,
        1.0,
        0.25,
        1.0,
        1.0,
        1.0,
        1.0,
        0.5,
        0.5,
        0.25,
        1.0,
        1.0,
        0.5,
        1.0,
        1.0,
        1.0,
        1.0,
        1.0,
        1.0,
        1.0,
        1.0,
        0.5,
        1.0,
        1.0,
        0.5,
        0.125,
        0.125,
        0.5,
        0.125,
        0.5,
        0.5,
        0.25,
        9.5367431640625e-07,
        6.103515625e-05,
        0.0625,
        1.0,
        1.0,
        3.814697265625e-06,
        0.25,
        1.0,
        1.0,
        0.25,
        1.0,
        0.25,
        1.0
    ],
    "no_state_solves": [
        1,
        2,
        3,
        4,
        5,
        6,
        7,
        8,
        9,
        10,
        11,
        12,
        13,
        14,
        15,
        18,
        19,
        20,
        22,
        23,
        24,
        25,
        26,
        27,
        28,
        29,
        30,
        32,
        33,
        34,
        35,
        36,
        39,
        40,
        44,
        45,
        47,
        48,
        49,
        57,
        59,
        60,
        61,
        70,
        71,
        72,
        73,
        74,
        75,
        78,
        79
    ],
    "no_adjoint_solves": [
        1,
        2,
        3,
        4,
        5,
        6,
        7,
        8,
        9,
        10,
        11,
        12,
        13,
        14,
        15,
        16,
        17,
        18,
        19,
        20,
        21,
        22,
        23,
        24,
        25,
        26,
        27,
        28,
        29,
        30,
        31,
        32,
        33,
        34,
        35,
        36,
        37,
        38,
        39,
        40,
        41,
        42,
        43,
        44,
        45,
        46,
        47,
        48,
        49,
        50,
        50
    ],
    "mesh_quality": [
        0.621677291747722,
        0.6205520926790278,
        0.6136949895271178,
        0.6080529335309408,
        0.5965767173660712,
        0.5343795440973966,
        0.11407791552912194,
        0.0855513598811537,
        0.03685591125339294,
        0.034305691184956966,
        0.03253640294449145,
        0.015456408540957978,
        0.019761072103470667,
        0.021090506255567187,
        0.003809641379533435,
        0.019481989884052142,
        0.021519082129553557,
        0.02607296140420401,
        0.026287456373186968,
        0.025651089546406936,
        0.025438174622806065,
        0.024615851391614818,
        0.021836211950766127,
        0.019545618787170205,
        0.015970292651515727,
        0.014589501202833088,
        0.010949934809623252,
        0.00808175566668723,
        0.0055722509770090856,
        0.0023286601576157917,
        0.0006649252442170184,
        0.0003043870598764542,
        0.0005983382158960548,
        0.0001392810707143699,
        0.00039325694184944027,
        0.00010136962325435483,
        0.00012179663690359277,
        6.641242579097373e-06,
        1.0983819988319432e-05,
        2.1699580969314347e-05,
        5.3715214176408566e-05,
        7.451656195212042e-05,
        1.2243575828185804e-05,
        3.99485383610898e-05,
        2.457277878309405e-05,
        1.8296520631233548e-05,
        3.21910500982181e-05,
        1.5664549138261208e-05,
        8.186809332011435e-06,
        3.026290717478286e-05,
        3.099589003663361e-05
    ],
    "iteration": [
        0,
        1,
        2,
        3,
        4,
        5,
        6,
        7,
        8,
        9,
        10,
        11,
        12,
        13,
        14,
        15,
        16,
        17,
        18,
        19,
        20,
        21,
        22,
        23,
        24,
        25,
        26,
        27,
        28,
        29,
        30,
        31,
        32,
        33,
        34,
        35,
        36,
        37,
        38,
        39,
        40,
        41,
        42,
        43,
        44,
        45,
        46,
        47,
        48,
        49,
        50
    ],
    "gradient_norm_initial": [
        3.345144522580922,
        3.345144522580922,
        3.345144522580922,
        3.345144522580922,
        3.345144522580922,
        3.345144522580922,
        3.345144522580922,
        3.345144522580922,
        3.345144522580922,
        3.345144522580922,
        3.345144522580922,
        3.345144522580922,
        3.345144522580922,
        3.345144522580922,
        3.345144522580922,
        3.345144522580922,
        3.345144522580922,
        3.345144522580922,
        3.345144522580922,
        3.345144522580922,
        3.345144522580922,
        3.345144522580922,
        3.345144522580922,
        3.345144522580922,
        3.345144522580922,
        3.345144522580922,
        3.345144522580922,
        3.345144522580922,
        3.345144522580922,
        3.345144522580922,
        3.345144522580922,
        3.345144522580922,
        3.345144522580922,
        3.345144522580922,
        3.345144522580922,
        3.345144522580922,
        3.345144522580922,
        3.345144522580922,
        3.345144522580922,
        3.345144522580922,
        3.345144522580922,
        3.345144522580922,
        3.345144522580922,
        3.345144522580922,
        3.345144522580922,
        3.345144522580922,
        3.345144522580922,
        3.345144522580922,
        3.345144522580922,
        3.345144522580922,
        3.345144522580922
    ],
    "relative_norm": [
        1.0,
        0.826957871645812,
        0.3005973388211636,
        0.18440996958968187,
        0.11233302531108588,
        0.10009610523646735,
        0.23687693324014467,
        0.13784132014610403,
        0.07756345003007527,
        0.05559265766309188,
        0.07615436226729626,
        0.02281416769250672,
        0.013348499168379099,
        0.010028646793686601,
        0.010411213343734994,
        0.010412104525985772,
        0.0038096723041847534,
        0.0031002172261965187,
        0.0070044565126617464,
        0.002456854700723825,
        0.0017789876232988402,
        0.0017424418203744634,
        0.001426371788033744,
        0.0011764617609186844,
        0.0008939341737311354,
        0.0006861605937777466,
        0.0007799744912599542,
        0.0015571696601533569,
        0.0007690920615787898,
        0.0006566366108801211,
        0.0006118152724776674,
        0.0005751530378479058,
        0.0009472981006629075,
        0.0007347623319468057,
        0.0007634362505199759,
        0.0006883611480903658,
        0.0010854983762229784,
        0.0056926648716893215,
        0.002697065117855223,
        0.0016197331134471884,
        0.0008622222523520941,
        0.0005989080814087489,
        0.001214144240217101,
        0.0007911606613450377,
        0.0006860842203124802,
        0.0011078493314151134,
        0.0007057105491322377,
        0.0005242142768558207,
        0.004703608105449865,
        0.0016007220735438543,
        NaN
    ],