{"cost_function_value": [0.0006931306737741115, 0.0006134760790114288, 9.670463201156858e-06, 8.20310916270748e-07, 9.311495524924346e-08, 8.750746391307404e-08, 8.507092055406541e-08, 7.15439300291821e-08, 5.27755339630066e-08, 2.231454969530022e-08, 1.8314965873148374e-08, 1.6485973913463777e-08, 1.61002356688139e-08, 1.6048891256000126e-08, 1.4919261293092508e-08, 1.3621810031977792e-08, 1.1121932472796563e-08, 8.968207475766534e-09, 8.923121677687517e-09, 7.689981642387746e-09, 7.664414706181372e-09, 7.450192021080423e-09, 7.0443902505716715e-09, 6.9349315628784836e-09, 6.5320713986423904e-09, 6.45251479968018e-09, 6.314261545583048e-09, 6.100587389902251e-09, 5.861154332040474e-09, 5.787327959754038e-09, 5.7535889320965105e-09, 5.6956757611149154e-09, 5.6438565878909706e-09, 5.560595390467424e-09, 5.482906409339713e-09, 5.265916734536356e-09, 4.9489309837728485e-09, 4.766593197423286e-09, 4.562833225796158e-09, 4.458303487723801e-09, 4.391884940464907e-09, 4.0773996403412294e-09, 4.041230749353734e-09, 3.979270167373603e-09, 3.892940944266721e-09, 3.7248233306675766e-09, 3.7121703135390293e-09, 3.6084421270497567e-09, 3.5837188642653738e-09, 3.522433298085435e-09, 3.4227865918327355e-09, 2.891495110060082e-09, 2.8708073127409053e-09, 2.8307543360792366e-09, 2.7579199738563102e-09, 2.6333917261788485e-09, 2.4263980083015842e-09, 2.341312786798778e-09, 2.334223892084353e-09, 2.326083804452273e-09, 2.3061217412590026e-09, 2.300703521936385e-09, 2.2643900599649947e-09, 2.245270670457735e-09, 2.2123997953451047e-09, 2.1573219188754616e-09, 2.046760179965936e-09, 1.9860254145762494e-09, 1.8986222044515635e-09, 1.8655521570684067e-09, 1.8498754490393038e-09, 1.4834847682305547e-09, 1.2461880012634195e-09, 9.168770156122836e-10, 7.963335623566559e-10, 7.635904658101407e-10, 7.496847918519366e-10, 7.453466273179313e-10, 6.752769251771997e-10, 6.305425695610737e-10, 6.30400402575874e-10, 6.24665677818747e-10, 6.19982933950022e-10, 6.126832585022118e-10, 6.0773622584166e-10, 6.005343465454451e-10, 5.964701712002307e-10, 5.850367871653859e-10, 5.7622583951999e-10, 5.715716022688909e-10, 5.697881655477138e-10, 5.67644567145791e-10, 5.654087040496256e-10, 5.482016203630149e-10, 5.40544147512603e-10, 5.292989881373994e-10, 5.227479591393432e-10, 5.146184237382444e-10, 5.065720942980812e-10, 4.883564259162181e-10, 4.4963231109603595e-10], "gradient_norm": [1.0, 0.9261260917220365, 0.08529765178040298, 0.02251722455694042, 0.001739238113125732, 0.0007796603968373334, 0.0008689224308363151, 0.0018529663983265932, 0.0023804551718804943, 0.0010521965725389549, 0.0003726574874461461, 0.00010396169524268448, 0.00010109880920295872, 0.0009624562621054782, 0.0004599797455982219, 0.00012958005558616625, 0.00024955638965774775, 0.0005189925309192654, 0.0008309991503343406, 7.814503548256981e-05, 7.99475846985798e-05, 0.00015874589976388762, 0.0002245776321442291, 0.0004151856482313832, 9.574604638988067e-05, 0.0001454228495477563, 0.0002366858656343535, 0.00024741313603844606, 0.00020986955867298334, 8.199931079695798e-05, 7.644450993003212e-05, 0.00011123977018084722, 8.961831526013681e-05, 5.9476931135574485e-05, 9.68951325311242e-05, 0.00018374436684182358, 0.00010034288537106983, 0.00031140724736577086, 0.00011364351183308057, 7.562474062585754e-05, 8.745316945707674e-05, 0.00013160327855661407, 8.580199385489526e-05, 5.9673342756997944e-05, 4.6696840037410524e-05, 0.00013034260164428082, 0.0002683287533810342, 7.682615318960088e-05, 5.541590443488649e-05, 8.3130856273512e-05, 0.00010269579440917641, 0.00014025387096590976, 6.984638635952698e-05, 5.386511147257189e-05, 8.571816588291333e-05, 8.001316086042124e-05, 0.00020784070715393853, 2.4518125302892883e-05, 1.7742151390455114e-05, 1.7246432301293342e-05, 2.5919503005606385e-05, 0.0001247367168180445, 3.289321399980352e-05, 2.5064104447840367e-05, 5.604241387978246e-05, 0.00013322369811297628, 0.0001364341578095751, 0.00017778389864705403, 0.00010496486683166258, 4.245359346185634e-05, 4.058959695352931e-05, 0.00011604043418859241, 0.0003150170467215446, 0.00013374600440304847, 9.36270216159596e-05, 8.628885581369645e-05, 2.558537866374197e-05, 2.327691279191016e-05, 6.845080013524255e-05, 4.99307316425403e-05, 5.262119080713486e-05, 2.8960680968043737e-05, 2.7727999804132636e-05, 2.432573215264182e-05, 1.4894175577843051e-05, 2.084217608928031e-05, 8.891028249073698e-05, 4.254535284863848e-05, 1.8008266352654987e-05, 1.3105457614147826e-05, 1.699854800917119e-05, 2.4191441583209915e-05, 1.9558813700491472e-05, 1.2699648744973769e-05, 2.032808472637362e-05, 1.5948093628475907e-05, 4.349255570156436e-05, 2.1898693655400506e-05, 3.124402193681037e-05, 4.9074682383325225e-05, 7.82210298121835e-05], "stepsize": [1.0, 1.0, 1.0, 1.0, 1.0, 1.0, 1.0, 1.0, 1.0, 1.0, 1.0, 1.0, 1.0, 0.5, 1.0, 1.0, 1.0, 1.0, 1.0, 1.0, 1.0, 1.0, 1.0, 1.0, 1.0, 1.0, 1.0, 1.0, 1.0, 1.0, 1.0, 1.0, 1.0, 1.0, 1.0, 1.0, 1.0, 1.0, 1.0, 1.0, 1.0, 1.0, 0.125, 1.0, 1.0, 1.0, 1.0, 1.0, 1.0, 1.0, 1.0, 1.0, 0.0625, 1.0, 0.5, 1.0, 1.0, 0.25, 1.0, 1.0, 1.0, 0.5, 1.0, 1.0, 1.0, 1.0, 1.0, 1.0, 0.5, 1.0, 1.0, 1.0, 1.0, 1.0, 1.0, 1.0, 1.0, 1.0, 1.0, 1.0, 0.25, 1.0, 1.0, 1.0, 1.0, 1.0, 1.0, 1.0, 1.0, 1.0, 1.0, 1.0, 1.0, 1.0, 1.0, 1.0, 0.5, 1.0, 1.0, 1.0, 1.0], "MeshQuality": [1.0, 0.9765080385233849, 0.5753327020062053, 0.5340531105759296, 0.5199202069589087, 0.5189900988816136, 0.5189372213225272, 0.5196959865244185, 0.5221285428260634, 0.5305473128886442, 0.531799566823873, 0.5337971547206204, 0.534742341879079, 0.534364156565509, 0.5355666920164993, 0.5366479517373335, 0.5384174584425009, 0.538236276416476, 0.5392659473012668, 0.5383464640823297, 0.5382786626930072, 0.5384888930252657, 0.5388245806626627, 0.5381582342397783, 0.5386066340523807, 0.5386519545263259, 0.5385949525870687, 0.5384694876867917, 0.5382729662603201, 0.5383785235223914, 0.538495583112205, 0.5387700246587875, 0.538961823731922, 0.5391777832001103, 0.5394890863967228, 0.503727444999874, 0.41901321444497625, 0.3579476195126624, 0.36417807000486196, 0.38291399094527223, 0.37767946227743654, 0.33270081988573347, 0.3376339651701746, 0.32132127055240683, 0.31597803406110575, 0.32400727942391166, 0.3395469094618432, 0.3414086843654847, 0.3450023187242316, 0.357755209691225, 0.3770950620680903, 0.4675170713381399, 0.4705406974041367, 0.4677006226991512, 0.4797222453009616, 0.4694798679497073, 0.45751818883063, 0.45790167601340953, 0.459750232760004, 0.4619198645394938, 0.4658564484613265, 0.4702308399232038, 0.4729691606321857, 0.4731498959834117, 0.4744667331120164, 0.4725665961157955, 0.46785864310122965, 0.46756906484486044, 0.46803816079474586, 0.4665961614851205, 0.46647290211845294, 0.4654966324983453, 0.46695937050434555, 0.4680793942935751, 0.4694705106660607, 0.46985960974874574, 0.4701721204411159, 0.4700614880636474, 0.4677484200077527, 0.46597939368918745, 0.46564428867985447, 0.4657029348386543, 0.465606315797116, 0.4652519641129544, 0.4649362586933557, 0.4642863477576322, 0.4633129027948833, 0.4627914782071701, 0.46214866134110294, 0.4615427501283696, 0.4620655863841891, 0.46178366669635185, 0.46175507738803834, 0.4623949594959201, 0.46326104486190617, 0.46419135691386026, 0.46518244147043514, 0.46545144630289315, 0.465568956378933, 0.46583635340654084, 0.46640096766504185]}