{"cost_function_value": [0.4983127499227354, 0.4982957186658693, 0.4982612232975325, 0.4981904731149954, 0.4980417060783099, 0.4977131975728245, 0.4969157309068249, 0.4946038139122276, 0.4854338592145077, 0.4264105365531885, 0.006219328715195541, 1.3324508474001196e-06, 1.1309813269023292e-08, 1.6912485431798372e-14], "gradient_norm": [1.0, 1.0050652214918179, 1.0152462264893227, 1.035811394234899, 1.0777616377743529, 1.1649999293229016, 1.3532911546494157, 1.788761041920373, 2.920916887819884, 6.254170063520284, 2.5740499757337476, 0.04000404651124585, 0.0036823000941294277, 4.5032680587105595e-06], "stepsize": [1.0, 1.0, 2.0, 4.0, 8.0, 16.0, 32.0, 64.0, 128.0, 256.0, 512.0, 0.125, 1.0, 1.0], "initial_gradient_norm": 0.004121678293258915, "state_solves": 17, "adjoint_solves": 14, "iterations": 13}