{"cost_function_value": [0.4983127499227354, 0.4982957186658693, 0.4982612232975325, 0.4981904731149954, 0.4980417060783099, 0.4977131975728245, 0.4969157309068249, 0.4946038139122276, 0.4854338592145077, 0.4264105365531886, 0.006219328715195764, 1.3324508474062817e-06, 1.1309813269206966e-08, 1.6912485452217112e-14], "gradient_norm": [1.0, 1.0050652214918183, 1.015246226489323, 1.0358113942348992, 1.0777616377743533, 1.1649999293229005, 1.3532911546494149, 1.788761041920372, 2.9209168878198835, 6.254170063520283, 2.574049975733763, 0.04000404651129003, 0.003682300094136958, 4.503268065073074e-06], "stepsize": [1.0, 1.0, 2.0, 4.0, 8.0, 16.0, 32.0, 64.0, 128.0, 256.0, 512.0, 0.125, 1.0, 1.0], "MeshQuality": [], "initial_gradient_norm": 0.004121678293258914, "state_solves": 17, "adjoint_solves": 14, "iterations": 13}