{"cost_function_value": [0.4983127499227354, 0.4982957186658693, 0.4982612232975325, 0.4981904731149954, 0.4980417060783099, 0.4977131975728245, 0.4969157309068249, 0.4946038139122276, 0.4854338592145077, 0.4264105365531886, 0.006219328715195727, 1.3324508474055567e-06, 1.1309813269240361e-08, 1.6912485472635852e-14], "gradient_norm": [1.0, 1.0050652214918177, 1.015246226489322, 1.0358113942348985, 1.0777616377743529, 1.1649999293229008, 1.3532911546494146, 1.7887610419203719, 2.920916887819883, 6.254170063520282, 2.574049975733761, 0.04000404651128848, 0.0036823000941371997, 4.50326808858134e-06], "stepsize": [1.0, 1.0, 2.0, 4.0, 8.0, 16.0, 32.0, 64.0, 128.0, 256.0, 512.0, 0.125, 1.0, 1.0], "MeshQuality": [], "initial_gradient_norm": 0.004121678293258915, "state_solves": 17, "adjoint_solves": 14, "iterations": 13}