{
    "cost_function_value": [
        0.12240249296414983,
        0.12236443677831443,
        0.040652832066825975,
        0.008569132714501552,
        0.0007846142266651456,
        0.0007841983794182448,
        0.0007831054455376119,
        0.0007827521435794375
    ],
    "gradient_norm": [
        1.0,
        0.9998432897368269,
        2.3083297785492345,
        0.4847576089026389,
        0.002605003204691906,
        0.0021488104100337263,
        0.0011142631618739258,
        0.0006792261532885966
    ],
    "stepsize": [
        1.0,
        1.0,
        1.0,
        0.5,
        1.0,
        1.0,
        1.0,
        1.0
    ],
    "MeshQuality": [],
    "angle": [],
    "initial_gradient_norm": 0.006169211292565742,
    "state_solves": 9,
    "adjoint_solves": 8,
    "iterations": 7
}