{
    "stepsize": [
        1.0,
        1.0,
        1.0,
        0.5,
        1.0,
        1.0,
        1.0,
        1.0
    ],
    "no_state_solves": [
        1,
        2,
        3,
        5,
        6,
        7,
        8,
        9
    ],
    "no_adjoint_solves": [
        1,
        2,
        3,
        4,
        5,
        6,
        7,
        8
    ],
    "iteration": [
        0,
        1,
        2,
        3,
        4,
        5,
        6,
        7
    ],
    "gradient_norm_initial": [
        0.006169211292565741,
        0.006169211292565741,
        0.006169211292565741,
        0.006169211292565741,
        0.006169211292565741,
        0.006169211292565741,
        0.006169211292565741,
        0.006169211292565741
    ],
    "relative_norm": [
        1.0,
        0.9998432897368272,
        2.30832977854409,
        0.4847576089118498,
        0.0026050032048259607,
        0.0021488104101385387,
        0.0011142631618146434,
        0.0006792261532533874
    ],
    "gradient_norm": [
        0.006169211292565741,
        0.006168244513840514,
        0.014240574136759977,
        0.0029905721150561507,
        1.6070815188382262e-05,
        1.3256465447809494e-05,
        6.874124880756906e-06,
        4.190289654856786e-06
    ],
    "objective_value": [
        0.12240249296415007,
        0.1223644367783143,
        0.040652832066650914,
        0.008569132714604638,
        0.0007846142266652301,
        0.0007841983794183015,
        0.0007831054455375862,
        0.0007827521435794336
    ]
}