{"cost_function_value": [0.12434418714986063, 0.12430461218100439, 0.12422549393188707, 0.12406738412298193, 0.1237516707424664, 0.12312226477616124, 0.12187150287795151, 0.11940191551461644, 0.11458839988676944, 0.10544767325694046, 0.08898636672206411, 0.06242751609366618, 0.028618862644948423, 0.004072748513552974, 0.0013187903959106803, 0.001068300298889682, 0.0010222510889494043, 0.0009412007802795415, 0.0009023407450137972, 0.0008927475383824934, 0.0008457648730644608, 0.0008321699303944928, 0.0008160470548856486, 0.0008059999552579962, 0.0008020290509829121, 0.000793025811086656, 0.0007893062059725632, 0.0007887715768155806, 0.0007834636972950389, 0.0007822140978660868, 0.0007804455464840771, 0.0007794691885770374, 0.0007791452094315707, 0.0007781386235368043, 0.0007777850128727453, 0.0007777803853535906, 0.0007771774101564239, 0.0007770644082196389, 0.0007768687307942608, 0.0007767735736497265, 0.0007767489787510459, 0.0007766354530201381, 0.00077660153545845, 0.000776562242757857, 0.0007765370470029268, 0.00077652654755351, 0.0007765044804338807, 0.0007764947055928348, 0.000776492646189139, 0.0007764795355035029, 0.0007764758412735264, 0.0007764712679629689, 0.0007764682985345145, 0.0007764669360825782, 0.0007764642423954719, 0.0007764628620509176, 0.0007764623518456991, 0.0007764606670810128, 0.0007764599398611149, 0.0007764597147733583, 0.000776458607893476, 0.0007764581553559119, 0.0007764580092904376, 0.0007764572532323477, 0.0007764569233053454, 0.000776456789081144, 0.0007764562563765263, 0.000776455988188629, 0.0007764558493658028, 0.0007764554641825065, 0.0007764552331763068, 0.0007764550899497819, 0.0007764548049631236], "gradient_norm": [1.0, 0.9998398373858426, 0.9995195636465894, 0.9988792220854893, 0.9975993623226878, 0.9950429337609542, 0.989943220829372, 0.9797962163526509, 0.9597106779851039, 0.9203641362071362, 0.8448984937560502, 0.7063431204157611, 0.47467703043570325, 0.1635285742038634, 0.17689955364285886, 0.07056851495785232, 0.09430884273687697, 0.044776642380505875, 0.05282755944687046, 0.07493137694108702, 0.03186681203233706, 0.04062273148773104, 0.020902013549838387, 0.023382483351806618, 0.03191677407129375, 0.014591275937067513, 0.017668888037477227, 0.025476440841324773, 0.010489151003461577, 0.013692591062792123, 0.0067718658523274, 0.007774483316177861, 0.010821259742025621, 0.004772898703951017, 0.005927935280405029, 0.008673395909114888, 0.0034673859073719887, 0.004627385188990156, 0.0022050676226235523, 0.002596626565551508, 0.003676883985510064, 0.0015719982898122033, 0.0019979677892921982, 0.0010374450801590171, 0.0011564809093328673, 0.0015712226735596054, 0.0007297546609806378, 0.0008771015762392778, 0.0012557480261284441, 0.0005307102077707973, 0.0006830124582013268, 0.00035469447483438943, 0.00039977625937531535, 0.000543117900228082, 0.00026081071064607193, 0.0003112910939755331, 0.0004386796589682727, 0.00020072634755899672, 0.0002493624167589287, 0.00035840225181252007, 0.0001613787951991139, 0.0002043662830404974, 0.00029534149388708435, 0.0001346129725574307, 0.00017054274345294234, 0.0002450652647477252, 0.0001155265967522494, 0.00014441886343016233, 0.0002046033162848539, 0.00010125862006184334, 0.00012383899326384476, 0.00017186022175334686, 9.015172717088286e-05], "stepsize": [1.0, 1.0, 2.0, 4.0, 8.0, 16.0, 32.0, 64.0, 128.0, 256.0, 512.0, 1024.0, 2048.0, 4096.0, 8192.0, 512.0, 1024.0, 512.0, 1024.0, 1024.0, 512.0, 1024.0, 512.0, 1024.0, 1024.0, 512.0, 1024.0, 1024.0, 512.0, 1024.0, 512.0, 1024.0, 1024.0, 512.0, 1024.0, 1024.0, 512.0, 1024.0, 512.0, 1024.0, 1024.0, 512.0, 1024.0, 512.0, 1024.0, 1024.0, 512.0, 1024.0, 1024.0, 512.0, 1024.0, 512.0, 1024.0, 1024.0, 512.0, 1024.0, 1024.0, 512.0, 1024.0, 1024.0, 512.0, 1024.0, 1024.0, 512.0, 1024.0, 1024.0, 512.0, 1024.0, 1024.0, 512.0, 1024.0, 1024.0, 512.0], "state_solves": 135, "adjoint_solves": 73, "iterations": 72}