{"cost_function_value": [0.5590033641717, 0.5589775504170449, 0.5589643477899862, 0.5589554672810682, 0.5589171246299091, 0.5588424736874914, 0.5586404675615044, 0.5583674614330152, 0.5582698529283167, 0.5581753499930499, 0.5581551895676929, 0.5581489249770033, 0.5581485301583748, 0.5581485042663019, 0.5581484906293963, 0.5581484835206199], "gradient_norm": [1.0, 0.4310516671972368, 0.22410634099218923, 0.2471918410840601, 0.6554894644755517, 1.293146177407716, 2.347559173147363, 2.967547876683869, 3.001237724623982, 2.684063926828419, 2.650963347745702, 2.6397953414444886, 2.639120251393115, 2.639079583917478, 2.6390587412992903, 2.639048468243625], "stepsize": [1.0, 0.03125, 1.0, 1.0, 1.0, 1.0, 1.0, 0.5, 0.0625, 0.015625, 0.015625, 0.00390625, 0.000244140625, 1.52587890625e-05, 7.62939453125e-06, 3.814697265625e-06], "MeshQuality": [1.0, 0.999666444734437, 0.9997536792457941, 0.9995394104434729, 0.9980804190158038, 0.9945276085914094, 0.9839819772397257, 0.9704470351318805, 0.9662408677420762, 0.9642231500850518, 0.9635037841389746, 0.9632825307348327, 0.9632684113806234, 0.9632674677907533, 0.9632669696134274, 0.9632667076393744]}