{"cost_function_value": [0.12434418714986063, 0.12430461218100439, 0.00327709442456913, 0.0014636768510559557, 0.0007765686948199202, 0.0007765629380125198, 0.0007764625211873962, 0.0007764612655672219, 0.0007764541024444467, 0.0007764530180242275], "gradient_norm": [1.0, 0.9998398373858426, 0.5689942762576354, 0.2769456092122768, 0.000571831928325427, 0.0005520022403435439, 0.0001486737474385018, 0.0009820378958298342, 0.00025293342487212663, 9.231938584658726e-05], "stepsize": [1.0, 1.0, 1.0, 0.125, 1.0, 1.0, 1.0, 1.0, 1.0, 1.0], "state_solves": 13, "adjoint_solves": 10, "iterations": 9}