{"cost_function_value": [0.12434418714986001, 0.12430461140996305, 0.003266356084958337, 0.0014645241792379086, 0.0007765681536492867], "gradient_norm": [1.0, 0.9998398343592985, 0.5677630548659817, 0.2772783973991215, 0.0005706056946057841], "stepsize": [1.0, 1.0, 1.0, 0.125, 1.0], "MeshQuality": [], "initial_gradient_norm": 0.006291238405211335, "state_solves": 8, "adjoint_solves": 5, "iterations": 4}