{
    "stepsize": [
        1.0,
        1.0,
        1.0,
        0.125,
        1.0
    ],
    "no_state_solves": [
        1,
        2,
        3,
        7,
        8
    ],
    "no_adjoint_solves": [
        1,
        2,
        3,
        4,
        5
    ],
    "iteration": [
        0,
        1,
        2,
        3,
        4
    ],
    "gradient_norm_initial": [
        0.006291238405211239,
        0.006291238405211239,
        0.006291238405211239,
        0.006291238405211239,
        0.006291238405211239
    ],
    "relative_norm": [
        1.0,
        0.9998398343592985,
        0.567763054891682,
        0.2772783973919194,
        0.00057060569440083
    ],
    "gradient_norm": [
        0.006291238405211239,
        0.006290230764981262,
        0.0035719327359946067,
        0.001744424502607467,
        3.589816458846729e-06
    ],
    "objective_value": [
        0.12434418714986001,
        0.12430461140996305,
        0.0032663560851836316,
        0.0014645241792191005,
        0.000776568153649258
    ]
}