{"cost_function_value": [0.12434418714986062, 0.12430461140996248, 0.003266356085966481, 0.0014645241791599328, 0.0014645241791599328], "gradient_norm": [1.0, 0.9998398343592985, 0.5677630549819538, 0.2772783973681929, 0.0005706056947352424], "stepsize": [1.0, 1.0, 1.0, 0.125, 1.0], "MeshQuality": [], "initial_gradient_norm": 0.006291238405211566, "state_solves": 8, "adjoint_solves": 5, "iterations": 4}