{"cost_function_value": [-0.01077369955340837, -0.05884711645776835, -0.06556529116809287, -0.09208956918238163, -0.09336946916398277, -0.09350747612541033, -0.09361665106075172, -0.09363881516352858, -0.09370076584273697, -0.09374205519365361, -0.09374252434518068, -0.09375443677276898, -0.0937585339692799, -0.09376424239316834, -0.09377089454191312, -0.0937746499244443, -0.09377529756522715, -0.09377554943753384], "gradient_norm": [1.0, 0.2908656616616398, 0.24581569900105202, 0.05030126905417674, 0.01722858664330795, 0.037758604721895905, 0.00941921698396606, 0.008504250911528649, 0.007714398563086401, 0.00486465914911195, 0.015137064689205473, 0.00495761517531411, 0.003422904791487187, 0.004392401195698543, 0.0035918867906298167, 0.002854013329221007, 0.0014098964358484009, 0.0008380811916762048], "stepsize": [1.0, 0.25, 1.0, 1.0, 1.0, 1.0, 1.0, 1.0, 1.0, 1.0, 0.5, 1.0, 1.0, 1.0, 1.0, 1.0, 1.0, 1.0], "MeshQuality": [0.36877906976035635, 0.3626123434539976, 0.34876685549852393, 0.22500140913440192, 0.21301875410184823, 0.21000852605240716, 0.2071201227103019, 0.20781795597235408, 0.21136467976838957, 0.2124489900946187, 0.21182402812101309, 0.21164695089951235, 0.21116780941133184, 0.21006449884985023, 0.2087320042331876, 0.20805488065573707, 0.20801442442202311, 0.208172116892539], "state_solves": 21, "adjoint_solves": 18, "iterations": 17}