{"cost_function_value": [-0.010773699553408357, -0.05884711645776802, -0.0655652911680927, -0.09208956918238025, -0.09336946916398206, -0.09350747612541054, -0.09361665106075205, -0.09363881516352845, -0.09370076584273755, -0.09374205519365315, -0.09374252434518117, -0.09375443677276887, -0.09375853396927904, -0.09376424239316893, -0.09377089454191313, -0.09377464992444454, -0.09377529756522736, -0.09377554943753338], "gradient_norm": [1.0, 0.2908656616616459, 0.24581569900104597, 0.050301269054147044, 0.017228586643297773, 0.037758604721936824, 0.009419216983962342, 0.008504250911526762, 0.007714398563074708, 0.004864659149105676, 0.01513706468923739, 0.004957615175311086, 0.003422904791481433, 0.004392401195696343, 0.003591886790627464, 0.002854013329106642, 0.0014098964359152504, 0.000838081191676403], "stepsize": [1.0, 0.25, 1.0, 1.0, 1.0, 1.0, 1.0, 1.0, 1.0, 1.0, 0.5, 1.0, 1.0, 1.0, 1.0, 1.0, 1.0, 1.0], "MeshQuality": [1.0, 0.9660795043984597, 0.946811285394848, 0.763780604608247, 0.727903029475405, 0.7196569529030212, 0.7118028479397591, 0.7140877761064542, 0.7233418295571138, 0.7239558167094936, 0.7221371550136548, 0.7217303823719542, 0.7208303151982742, 0.7188358443759969, 0.7166062993739443, 0.715339509528891, 0.7154598423581662, 0.7157850293049856]}