{"cost_function_value": [-0.01077369955340837, -0.05884711645776835, -0.06556529116809287, -0.08410167951034116, -0.09054465057787596, -0.09227557897031599, -0.09343320947153626, -0.09354236590397344, -0.09356185079125287, -0.09363869923529111, -0.09370083250042283, -0.09370822769297739, -0.09373586673489706, -0.09374378046839171, -0.0937588185357607, -0.09376315468941948, -0.09376957716449828, -0.09377014235865083, -0.09377103827294608], "gradient_norm": [1.0, 0.2908656616616398, 0.24581569900105202, 0.13196877172843005, 0.07307720444506602, 0.15034096652936998, 0.03842780051434672, 0.011151156960752582, 0.01070357563486743, 0.013043320611256248, 0.01110562187628316, 0.016656596408187726, 0.005094187268139436, 0.003797431474250573, 0.003478980900909332, 0.009093331038559667, 0.0018823103626763578, 0.0012888395523772012, 0.0009311484884855595], "stepsize": [1.0, 0.25, 1.0, 0.5, 0.5, 1.0, 0.5, 1.0, 1.0, 1.0, 1.0, 0.5, 1.0, 1.0, 1.0, 0.5, 1.0, 1.0, 1.0], "MeshQuality": [1.0, 0.9660795043984273, 0.9468112853948443, 0.8609732139170038, 0.804057482108671, 0.7115596791516222, 0.6885865651218864, 0.6971798532690486, 0.7005334546304924, 0.7144926297251253, 0.7193069548520936, 0.722612848241523, 0.7202185605286897, 0.7182541137258608, 0.7132396760487756, 0.7097827674036955, 0.7053339708848568, 0.7062155865838731, 0.7065779870159918], "state_solves": 22, "adjoint_solves": 19, "iterations": 18}