{"cost_function_value": [-0.01077369955340837, -0.053869945167654434, -0.0578842433868856, -0.08358274444760544, -0.09109070795540755, -0.0922467500129772, -0.09257923110504375, -0.09269525591857421, -0.09301789942050362, -0.09323750031481272, -0.09337234088949746, -0.09346958727183417, -0.09355070085110466, -0.0936882758136564, -0.09370492643461413, -0.09372017185079871, -0.09374809912004246, -0.09375355339489741, -0.09375679822494452, -0.09375928430226987, -0.09376241154137166, -0.09377106307772407], "gradient_norm": [1.0, 0.2391930086031084, 0.20384943453304058, 0.18336472189269742, 0.08708107639508829, 0.0668148102634025, 0.023999057649065257, 0.01774618232821019, 0.017644004457060904, 0.04477699117841559, 0.02663585960571953, 0.013759431914868744, 0.010523471518924899, 0.01521306442282606, 0.004839213600638646, 0.004179318340338664, 0.002568248526747918, 0.006820812999269144, 0.0046493644230238065, 0.0026268116769942894, 0.0019737187453848317, 0.0009374690490893989], "stepsize": [1.0, 0.25, 1.0, 1.0, 1.0, 1.0, 1.0, 1.0, 1.0, 1.0, 1.0, 1.0, 1.0, 1.0, 0.25, 1.0, 1.0, 1.0, 0.5, 1.0, 1.0, 1.0], "MeshQuality": [0.36877906976035635, 0.3676417434110376, 0.36544880211623176, 0.3043612731990063, 0.2578412277406863, 0.24186289112676995, 0.2341160254115492, 0.23172000852279473, 0.22742478048578807, 0.2315623507396033, 0.22924051122967914, 0.23135545256607126, 0.23166473529301623, 0.22911091417177332, 0.2287641811677239, 0.22745595473987312, 0.22456894974926378, 0.22344056208528573, 0.22336473056591688, 0.22351841976259912, 0.22347914774229571, 0.2235861683134588], "state_solves": 27, "adjoint_solves": 22, "iterations": 21}