{"cost_function_value": [-0.01064423382295035, -0.05876490872540196, -0.06551405350761692, -0.09209046578921491, -0.0933649534018292, -0.09350993131022811, -0.09361739692662237, -0.09363896659026145, -0.09371413701614147, -0.09373482767317673, -0.09374372286431706, -0.09374838216323339, -0.09376785068541325, -0.09376991635160878, -0.09377016135800074, -0.09377057808071872, -0.09377096157833488], "gradient_norm": [1.0, 0.2915702998464844, 0.24624685183739486, 0.05002500808615811, 0.01722486568278014, 0.03686333751281087, 0.009182948673457246, 0.008405925493293892, 0.005922313874710638, 0.010136024085738736, 0.005657270877593508, 0.004857216932359068, 0.0015163498391446762, 0.0018559679020580735, 0.002635095940287031, 0.0012723723278879602, 0.0006890010366805152], "stepsize": [1.0, 0.25, 1.0, 1.0, 1.0, 1.0, 1.0, 1.0, 1.0, 1.0, 0.5, 1.0, 1.0, 1.0, 0.25, 1.0, 1.0], "MeshQuality": [1.0, 0.9610637968037548, 0.9396571120720316, 0.7450313251788695, 0.732354366086321, 0.7242351083861961, 0.7160233670268203, 0.7185763851104724, 0.7255076536756608, 0.7219311010259847, 0.7222637712277922, 0.7233014194854069, 0.7218354773989761, 0.7194809614542406, 0.7193305346104472, 0.7196207630244813, 0.7195381459635519], "state_solves": 22, "adjoint_solves": 17, "iterations": 16}