{"cost_function_value": [-0.010773699553408341, -0.05884711645776786, -0.06556529116809238, -0.09208956918238027, -0.09336946916398231, -0.09350747612540969, -0.09361665106075176, -0.09363881516352854, -0.09370076584273723, -0.09374205519365413, -0.09374252434518061, -0.09375443677276903, -0.09375853396927969, -0.09376424239316897, -0.09377089454191305, -0.0937746499244444, -0.09377529756522739, -0.09377554943753388], "gradient_norm": [1.0, 0.290865661661651, 0.24581569900105318, 0.05030126905413807, 0.017228586643297423, 0.03775860472198659, 0.009419216983969024, 0.008504250911526068, 0.007714398563105969, 0.004864659149031231, 0.015137064689344514, 0.004957615175323344, 0.003422904791476896, 0.004392401195639224, 0.0035918867905537005, 0.0028540133296308104, 0.001409896435528567, 0.0008380811916636711], "stepsize": [1.0, 0.25, 1.0, 1.0, 1.0, 1.0, 1.0, 1.0, 1.0, 1.0, 0.5, 1.0, 1.0, 1.0, 1.0, 1.0, 1.0, 1.0], "MeshQuality": [0.36877906976035635, 0.3626123434539993, 0.34876685549852393, 0.22500140913441913, 0.21301875410183468, 0.21000852605243703, 0.207120122710305, 0.20781795597234687, 0.21136467976839102, 0.2124489900940214, 0.21182402812368484, 0.21164695090029795, 0.21116780941142888, 0.21006449884932465, 0.20873200423287652, 0.20805488064802513, 0.2080144244285187, 0.2081721168926972], "state_solves": 21, "adjoint_solves": 18, "iterations": 17}