{"cost_function_value": [-0.010773699553408385, -0.058847116457768606, -0.06556529116809301, -0.09208956918238285, -0.09336946916398255, -0.0935074761254099, -0.09361665106075201, -0.09363881516352875, -0.09370076584273636, -0.09374205519365329, -0.09374252434518122, -0.09375443677276897, -0.09375853396928022, -0.09376424239316923, -0.09377089454191322, -0.09377464992444416, -0.09377529756522723, -0.09377554943753386], "gradient_norm": [1.0, 0.2908656616616299, 0.24581569900105812, 0.050301269054143734, 0.017228586643302634, 0.037758604721935214, 0.00941921698397535, 0.00850425091152581, 0.007714398563125161, 0.004864659149020729, 0.015137064689353675, 0.0049576151753306244, 0.003422904791482168, 0.004392401195632059, 0.0035918867905448478, 0.0028540133298355606, 0.0014098964353813953, 0.0008380811916606408], "stepsize": [1.0, 0.25, 1.0, 1.0, 1.0, 1.0, 1.0, 1.0, 1.0, 1.0, 0.5, 1.0, 1.0, 1.0, 1.0, 1.0, 1.0, 1.0], "MeshQuality": [1.0, 0.9660795043984239, 0.9468112853948639, 0.7637806046082174, 0.7279030294753936, 0.7196569529030221, 0.7118028479397427, 0.7140877761064538, 0.7233418295569909, 0.7239558167100066, 0.7221371550154516, 0.7217303823725252, 0.7208303151983633, 0.718835844376403, 0.7166062993741333, 0.7153395095347368, 0.7154598423626849, 0.7157850293050281], "state_solves": 21, "adjoint_solves": 18, "iterations": 17}