{"cost_function_value": [-0.010773699553408376, -0.058847116457768425, -0.07297562505890408, -0.08788797402650646, -0.08921575333132975, -0.09137765557308367, -0.09231507856529442, -0.09259429535309886, -0.09281181915809836, -0.09308991425572911, -0.09313760972992964, -0.09315271129209596, -0.09332182526121123, -0.09360484072809634, -0.09361901359280361, -0.09371048228129084, -0.09374269671669018, -0.09377818530840508, -0.09378033840898145, -0.09378883293590426, -0.09379007643617414, -0.09379161831860854, -0.09379421113091355, -0.09379494593101072, -0.09379513523616122, -0.0937959781975955, -0.09379629265142556, -0.09379658609302631, -0.0937970677230291, -0.09379719696394731, -0.09379789236313008, -0.09379805975343525, -0.09379937962223649, -0.09379956249835529, -0.09380016628823545, -0.09380136786832292, -0.09380175304890055, -0.09380204669245791, -0.09380292278913181, -0.09380461582223798, -0.09380521470308914, -0.0938071086792775, -0.09380997870930254, -0.09381350725064264, -0.09381391053949101, -0.09383279758435349, -0.09383527968519927, -0.09383558317607282, -0.09383562678924456, -0.09383562934192002, -0.09383563070126304], "gradient_norm": [1.0, 0.2908656616616266, 0.19929078017480656, 0.2245218180866153, 0.15068155219906654, 0.09673669315311306, 0.08811096784155097, 0.08872481810838094, 0.08146779968616513, 0.06733127681533538, 0.06985435015631282, 0.06674907148566249, 0.0575745329389836, 0.03958464523173271, 0.04626210918323679, 0.011635311234151544, 0.013596219425933836, 0.005587335883542818, 0.012558106472470366, 0.005314656248386067, 0.003425875513597486, 0.00425846161946429, 0.004437121471426081, 0.0016177095489801686, 0.0020232955949425714, 0.002648964230749829, 0.0014414755105999345, 0.001463156190501636, 0.0014249164629536065, 0.002204991535613311, 0.001279702366661313, 0.001973965982963702, 0.0019168657419660834, 0.0017727474939235465, 0.001087069133241523, 0.001626798556353702, 0.003048280655400347, 0.005288341586350856, 0.004401185601177456, 0.0037021381882510413, 0.006549527742686246, 0.003643823344452078, 0.00533508204950913, 0.00499261118792935, 0.008836843617100801, 0.017983248476521614, 0.011738079247670601, 0.009414795707139831, 0.008006521857729888, 0.007342137392495336, 0.007342137392495336], "stepsize": [1.0, 0.25, 0.5, 1.0, 0.5, 1.0, 1.0, 1.0, 1.0, 1.0, 1.0, 1.0, 1.0, 1.0, 1.0, 0.5, 1.0, 1.0, 2.0, 0.5, 0.25, 0.5, 0.5, 0.25, 0.5, 1.0, 0.5, 1.0, 2.0, 1.0, 2.0, 1.0, 2.0, 0.5, 1.0, 2.0, 1.0, 2.0, 1.0, 1.0, 2.0, 0.5, 1.0, 1.0, 1.0, 2.0, 0.0625, 0.015625, 0.0078125, 0.00390625, 0.0009765625], "MeshQuality": [1.0, 0.9660795043983985, 0.9199613957086761, 0.6629803744144698, 0.6295331538405315, 0.655417821636095, 0.6869474332864143, 0.7317360999704107, 0.7592080210518399, 0.7689551577765904, 0.7401299359178989, 0.7188326788543444, 0.7032956712265953, 0.7072088348748983, 0.7137414839806084, 0.7176020970839677, 0.7197651169371964, 0.7195297638045419, 0.7225726383253469, 0.7259861757409728, 0.726131033823918, 0.7253615035411134, 0.7224422541282214, 0.7216181269952032, 0.7217735500604615, 0.7231238895991232, 0.7250355248510645, 0.7249335752453397, 0.7237785249330799, 0.7240224239943315, 0.7257362756085778, 0.7257622074685129, 0.7258471892847992, 0.7254872824393347, 0.7251398131364849, 0.7249890525562918, 0.7249358997452314, 0.7236649724049068, 0.7217562850884257, 0.7019811568125977, 0.6367558487229505, 0.6046670006331547, 0.5742480423930454, 0.4687488843496124, 0.4247871072776298, 0.18920697502613418, 0.25085251597548286, 0.2704950519627666, 0.2816473108614194, 0.2866765578948567, 0.28846226119542767], "state_solves": 107, "adjoint_solves": 50, "iterations": 50}