{"cost_function_value": [-0.010773699553408357, -0.05884711645776837, -0.06556529116809323, -0.09208956918237977], "gradient_norm": [1.0, 0.29086566166163985, 0.24581569900104555, 0.05030126905419942], "stepsize": [1.0, 0.25, 1.0, 1.0], "MeshQuality": [1.0, 0.9660795043984303, 0.94681128539485, 0.763780604608281], "state_solves": 6, "adjoint_solves": 4, "iterations": 3}