{"cost_function_value": [0.1230050160662831, 0.12300448858992497, 0.07572158196066439, 0.03170389159926705, 0.031648960636551475, 0.0010917968554648152, 0.0010881161139632595, 0.0010879640548438513, 0.0010685739218973488, 0.001067972184305789, 0.001066591393236704, 0.0010664006240621135, 0.0010663511929839271, 0.0010658747342242214, 0.0010652889540697051, 0.0010647669484394194, 0.0010642996806876639, 0.0010640881199813004, 0.00106354574250312, 0.0010628538014103145, 0.0010626209919697292, 0.001062534122250761, 0.0010618611897094486, 0.0010612151291556707, 0.0010611480568357787, 0.0010607737582414387, 0.0010605667964200894, 0.001060394645627897, 0.0010601485278005603, 0.0010593739694319492, 0.00105925807748393, 0.0010590242099879435, 0.0010584701197861653, 0.0010575791189637576, 0.001056905694248169, 0.0010568284546379082, 0.0010565012158461897, 0.0010558792776936923, 0.0010552298582725548, 0.0010548074517343783, 0.0010543460454744762, 0.0010540297291345873, 0.001053964372930212, 0.0010539153070408863, 0.0010537978867327822, 0.00105376041343073, 0.0010537082501452177, 0.0010536716199231965, 0.0010535917549534945], "gradient_norm": [1.0, 0.9999854403730033, 2.207755943099327, 2.5260966197751906, 3.817676670530581, 0.021218033738434523, 0.0030318730004999035, 0.0030212115592375016, 0.005028656826758139, 0.018199498579756383, 0.005451311669265002, 0.002082790685793028, 0.0023770368989372947, 0.005266516458335085, 0.010155925342989806, 0.005639347692917179, 0.0037883291254735326, 0.003681950484147251, 0.015829300404494723, 0.006217966415184198, 0.003237891754384578, 0.003871855515509113, 0.0073058157630637565, 0.00776521221850435, 0.001829514010066473, 0.0023435480242166317, 0.0018248972834491518, 0.001575233663854014, 0.019539348809672664, 0.002750030556530346, 0.0020754793972975263, 0.0021539656289409157, 0.0025712457176036915, 0.015123694690336979, 0.0037243446077395164, 0.0029955903226885627, 0.0037856525683087655, 0.006808038357776192, 0.0026283839166058574, 0.008068447686970539, 0.004590607336255554, 0.0017436059812660856, 0.001595632043316692, 0.005236183613063023, 0.0019403235986572695, 0.001324322263084064, 0.0012744155849666835, 0.0026431886523227963, 0.0007626655411898523], "stepsize": [1.0, 1.0, 1.0, 1.0, 1.0, 1.0, 1.0, 1.0, 1.0, 0.25, 1.0, 1.0, 1.0, 1.0, 1.0, 1.0, 1.0, 1.0, 0.5, 1.0, 1.0, 1.0, 1.0, 1.0, 0.0625, 1.0, 1.0, 1.0, 1.0, 1.0, 1.0, 1.0, 1.0, 0.5, 1.0, 1.0, 1.0, 1.0, 1.0, 1.0, 1.0, 1.0, 1.0, 0.125, 1.0, 1.0, 1.0, 1.0, 1.0], "MeshQuality": [], "initial_gradient_norm": 0.0007262783200399559, "state_solves": 60, "adjoint_solves": 49, "iterations": 48}