{"cost_function_value": [0.12300501606628308, 0.12300448858992497, 0.07572158196046494, 0.03170389159967354, 0.031648960640529675, 0.0010917968554650164, 0.001088116113963227, 0.0010879640548438138, 0.0010685739218976426, 0.0010679721843065537, 0.0010665913932377516, 0.0010664006240627731, 0.0010663511929846288, 0.0010658747342230336, 0.001065288954067063, 0.0010647669484440299, 0.0010642996806859966, 0.0010640881199815253, 0.0010635457424854917, 0.0010628538013926884, 0.0010626209919454472, 0.0010625341222233128, 0.0010618611896982305, 0.0010612151291449672, 0.0010611480568097269, 0.0010607737582205238, 0.001060566796397129, 0.0010603946456226615, 0.0010601485247796476, 0.0010593739694870399, 0.001059258077554657, 0.0010590242103768169, 0.0010584701034034088, 0.00105757908051586, 0.001056905653661333, 0.0010568284122044727, 0.0010565011680850743, 0.0010558792421955967, 0.0010552298612748427, 0.0010548074478110916, 0.0010543460535919686, 0.0010540296992555143, 0.0010539643198903697, 0.0010539153683529483, 0.0010537978783262084, 0.0010537604813513322, 0.0010537084170894927, 0.0010536713786845184, 0.0010535910780153453], "gradient_norm": [1.0, 0.9999854403730036, 2.207755943138064, 2.526096619784829, 3.817676670785216, 0.021218033738387376, 0.0030318730000196614, 0.003021211558929574, 0.005028656826254902, 0.01819949859032626, 0.005451311677952323, 0.002082790687500561, 0.002377036896312036, 0.005266516466451236, 0.01015592533538748, 0.005639347828052371, 0.003788329115237423, 0.0036819505237229992, 0.015829300016267724, 0.006217966469669035, 0.003237891738321792, 0.0038718555205111654, 0.007305815699088208, 0.0077652122831730445, 0.0018295138657868693, 0.00234354802531721, 0.0018248981578522334, 0.0015752338532363718, 0.01953930611270368, 0.002750020206167837, 0.0020754770849571945, 0.0021539677995992676, 0.0025713109046200584, 0.015123601349378256, 0.0037243579463525417, 0.002995591772406925, 0.0037857171508175608, 0.006808014218802666, 0.002628728664487449, 0.008066790109588998, 0.00459052325741234, 0.0017434095142568504, 0.0015955911822804225, 0.005247140763676156, 0.00194173399472982, 0.0013250238634070059, 0.0012741562210530353, 0.00261986567455876, 0.0007640938725563539], "stepsize": [1.0, 1.0, 1.0, 1.0, 1.0, 1.0, 1.0, 1.0, 1.0, 0.25, 1.0, 1.0, 1.0, 1.0, 1.0, 1.0, 1.0, 1.0, 0.5, 1.0, 1.0, 1.0, 1.0, 1.0, 0.0625, 1.0, 1.0, 1.0, 1.0, 1.0, 1.0, 1.0, 1.0, 0.5, 1.0, 1.0, 1.0, 1.0, 1.0, 1.0, 1.0, 1.0, 1.0, 0.125, 1.0, 1.0, 1.0, 1.0, 1.0], "MeshQuality": [], "initial_gradient_norm": 0.0007262783200399558, "state_solves": 60, "adjoint_solves": 49, "iterations": 48}