{"cost_function_value": [0.4390782562181737, 0.43734350314546516, 0.42751141890448097, 0.41192670550337845, 0.4038526413719226, 0.38851020626820115, 0.37612463217645636, 0.3723025628277503, 0.3686079806953396, 0.3560262132963989, 0.3467230631287768, 0.3444351506736387, 0.3386223607013378, 0.33589734917205655, 0.332719676292567, 0.3309765609778939, 0.32977870208441973, 0.3275806489907543, 0.32667586458786796, 0.32613877321548734, 0.32533499168943214, 0.3250613986720803, 0.3247735203671155, 0.32450616734448406, 0.3243443459598177, 0.3242899207969546, 0.32395753011864936, 0.323911368248579, 0.3238721630709152, 0.3238365650398214, 0.3237604965260901, 0.32373055222731895, 0.3237094827115906, 0.32370502652358024, 0.32370037672625324, 0.32367188539733555, 0.32365593846503277, 0.3236296079214507, 0.32362149516820427, 0.32361333857570934, 0.32359861310593274, 0.32356938081472797, 0.3235611862808151, 0.32355215779795715, 0.3235493927736686, 0.3235437849937669, 0.32353717578421176, 0.3235210410979654, 0.3235042990422485, 0.3234954971351796, 0.3234860876046983, 0.32347408413805867, 0.32347156928669135, 0.3234616918060658, 0.3234391778301475, 0.32339907344407254, 0.32335458827533575, 0.32331238169688326, 0.32328594025226143, 0.3232773959447765, 0.32327347183185257, 0.3232704822737456, 0.3232699227900042, 0.3232696532532096, 0.32326958317312343, 0.32326953639090783, 0.3232695189960321, 0.3232695120763769, 0.3232695088773727], "gradient_norm": [1.0, 4.0345958052757425, 2.041056893904503, 0.7741100370155217, 6.185825474426293, 1.767595971880605, 0.7491822103717443, 1.8916171228548304, 1.5804850345048012, 0.8944507914928101, 0.5155488844980687, 1.8686353926511792, 0.30434429684349307, 0.3115472850612725, 1.1270998282152627, 0.24808982090687276, 0.2512404584006685, 0.6391843567672235, 0.20306244450993427, 0.24537098348129469, 0.18405818943824012, 0.4205851232292159, 0.2426694543328125, 0.08858068206543718, 0.10070342803666944, 0.5659482428147674, 0.05390914600446436, 0.04589623502256644, 0.059531765066860934, 0.040097749177097325, 0.04047532545179305, 0.11421733596337234, 0.029912774769398305, 0.026649412465740648, 0.027923576123990452, 0.019596299950781014, 0.10854133525130012, 0.03567270436157926, 0.022395794220107325, 0.024574146653714258, 0.027379525533017684, 0.07898090230180561, 0.05611804613367538, 0.017971459797626505, 0.020272984858934643, 0.018780897438589697, 0.09762603843130871, 0.050964292830293426, 0.023542825337585994, 0.026946856135073676, 0.08291207340922997, 0.02071428737935309, 0.025232700685918378, 0.04237305886449648, 0.05498909164547821, 0.03516404210605762, 0.0714689063183885, 0.08161076860438649, 0.054636267297263216, 0.0454745132593698, 0.04276063115450426, 0.04043817549228929, 0.04044624674653667, 0.040023249574134605, 0.03999639350872809, 0.03999280473288161, 0.039986777548824876, 0.03998968117490243, 0.03998889694170648], "stepsize": [1.0, 0.125, 1.0, 1.0, 1.0, 1.0, 1.0, 0.5, 1.0, 1.0, 1.0, 0.25, 1.0, 1.0, 1.0, 1.0, 1.0, 1.0, 1.0, 1.0, 1.0, 0.5, 1.0, 1.0, 1.0, 1.0, 1.0, 1.0, 1.0, 1.0, 1.0, 1.0, 1.0, 1.0, 1.0, 1.0, 0.5, 1.0, 1.0, 1.0, 1.0, 1.0, 0.5, 1.0, 1.0, 1.0, 0.5, 1.0, 1.0, 1.0, 1.0, 1.0, 1.0, 1.0, 1.0, 1.0, 1.0, 1.0, 1.0, 0.25, 0.0625, 0.03125, 0.00390625, 0.0009765625, 0.00048828125, 0.000244140625, 6.103515625e-05, 1.52587890625e-05, 7.62939453125e-06], "MeshQuality": [1.0, 0.9822733681792576, 0.9818946012779911, 0.9648246615104278, 0.8763172337321959, 0.9215729341220888, 0.8971783089446327, 0.8765583752849881, 0.8669582489789651, 0.8249723320053843, 0.7643205352280272, 0.690147970848883, 0.6845609109512517, 0.641281670234685, 0.4296813988523541, 0.41712223744262833, 0.3591119821844807, 0.24955437895934737, 0.24815232924385733, 0.2201700531997544, 0.21590551954305293, 0.23925407152183176, 0.2542044933664418, 0.26522729650688753, 0.29087686792414835, 0.32907339097701827, 0.3249703197044018, 0.32027273298861364, 0.32690758032527734, 0.3276949977461448, 0.3303515733431814, 0.33067013637092396, 0.3319068623631571, 0.3325699687641032, 0.3340415624546254, 0.346583172006023, 0.3623426631458391, 0.37901433709880983, 0.3851231923991774, 0.39035650236188507, 0.3969293298133666, 0.4035542301740212, 0.41040149314195246, 0.40502766478531776, 0.4024192302552714, 0.3992942513129, 0.39919119507779793, 0.39557488037646205, 0.36564211651816175, 0.3418052787838458, 0.33213961433879297, 0.31421294076669826, 0.3174113584735459, 0.32573581024552956, 0.3192309523171246, 0.3075943054670978, 0.26232264617865475, 0.1334267850014077, 0.10996316137320332, 0.10369153398155906, 0.10144009482854525, 0.10035753197025599, 0.1001178124111126, 0.10004868694805315, 0.10002335923159728, 0.10000886800644564, 0.10000342444547583, 0.10000107214473432, 0.1000000466273215]}