{"cost_function_value": [0.5800616682006292, 0.3325676606666016, 0.02707149694927578, 0.0061372271898759816, 0.004323504265685982, 0.0025310661177898926, 0.0011373846144194745, 0.0005528302647165692, 0.0005018996071803278, 0.00029288630657896676, 0.000248261058371371, 0.00023807724535494332, 0.00021284818254684894, 0.0002081364675489232, 0.00019087438360595243, 0.0001865571095941604, 0.0001818349441218058, 0.0001787585058251572, 0.00017426649832585626, 0.00017285172609108557, 0.00016783184546712552, 0.0001649605380526463, 0.00016199329678191616, 0.0001595233445034876, 0.00015792284802262295, 0.00015425732858625983, 0.0001506339477757503, 0.00014910624251586048, 0.0001465123164315774, 0.00014456591573916064, 0.00014208996173679226, 0.00013925335270173058, 0.00013803388992773242, 0.00013342844218676103, 0.00013163008056849416, 0.0001267993667742858, 0.00012428241856956182, 0.00012165563025302349, 0.00011913110446445137, 0.00011621608348320211, 0.00011331922760637426, 0.00011019449155011358, 0.0001078826409576415, 0.00010349598340910188, 0.00010326858357449918, 9.072548046928046e-05, 8.73939639758474e-05, 8.6138552340671e-05, 8.297451820582854e-05, 8.06172866966374e-05, 7.955241774461983e-05, 7.75020389340465e-05, 7.584250838194973e-05, 7.451639565974259e-05, 7.312720681260359e-05, 7.146279247280698e-05, 7.030871907790785e-05, 6.772769206829198e-05, 6.382850605129322e-05, 6.278276875333249e-05, 6.176856724930628e-05, 6.108911714865468e-05, 6.0331336909636015e-05, 5.862907164284715e-05, 5.8097436148112936e-05, 5.7148918176835746e-05, 5.642012606978659e-05, 5.577522393158527e-05, 5.452720670651872e-05, 5.3974197578770065e-05, 5.3235999244289656e-05, 5.2429689829191113e-05, 5.185256435313535e-05, 5.122997381144141e-05, 5.0275061049338364e-05, 4.9864224515258e-05, 4.894655415339667e-05, 4.837234048657562e-05, 4.737542885417463e-05, 4.656648060568855e-05, 4.5849236893957204e-05, 4.5362305736445496e-05, 4.4824153874892256e-05, 4.34994709101804e-05, 4.289190683061302e-05, 4.215373981689771e-05, 4.1796420689199904e-05, 4.126584762725859e-05, 4.0098248339907105e-05, 3.9203854430128684e-05, 3.8691047007562264e-05, 3.7829436111721646e-05, 3.712106947196059e-05, 3.685744415693845e-05, 3.5138415922113483e-05, 3.409395125787242e-05, 3.351264595245779e-05, 3.3023839657888254e-05, 3.250595208843186e-05, 3.119120487990661e-05, 3.060205036832637e-05], "gradient_norm": [1.0, 0.11612026259585996, 0.0736695679496803, 0.023471225208265962, 0.013956871691454254, 0.014964105215826176, 0.0066680065747805085, 0.003998959948220842, 0.005680664031263855, 0.0013481064119710664, 0.002332528673297748, 0.0025525290455773704, 0.0015602576195056055, 0.0018224707351637882, 0.0007227702614402375, 0.0009039810690824934, 0.0006228733267016275, 0.0009633561295152585, 0.0006696547861262369, 0.0010881854975368977, 0.0007146932641201976, 0.0006383344648877808, 0.0007039877012931328, 0.0006760499387336251, 0.0008598590329900928, 0.0005858024435586715, 0.0006505704583152244, 0.0007881539786952937, 0.0006498805948982514, 0.0008316190169396586, 0.0007496355998230718, 0.000738352521506001, 0.000904366957828999, 0.0005802165048465591, 0.0009312851279228254, 0.0005663123308637409, 0.0005973538223597061, 0.0004986764975763527, 0.0006652135580318397, 0.0004427696849530114, 0.0007085442015327113, 0.0004135991471013626, 0.0009074351694361684, 0.00035116080720942473, 0.0016369870479602355, 0.0006393707465054658, 0.00038866434279824995, 0.000305867464591039, 0.00036303266421006987, 0.0003173426812874372, 0.0006902815430941769, 0.00037798484839961254, 0.0002925854638500425, 0.0005605677618955574, 0.0003281072711700456, 0.00026102354233245367, 0.0007260761822664446, 0.0002688040176383007, 0.0003506968837153382, 0.0003099723460033232, 0.00043861494359000386, 0.00030755901242149846, 0.00023814178217436083, 0.0004180427399225918, 0.00033724958981023486, 0.0004532525718959024, 0.00030568571285341707, 0.00022333396212047903, 0.00047178834228195593, 0.00033699391912765864, 0.00046826789542172897, 0.00030589990600797274, 0.00021074866031289054, 0.0005424673452564396, 0.0003237464250430684, 0.0004885074801422721, 0.0003160981539231133, 0.00020040364003670534, 0.00044095584516427763, 0.0002763920377152239, 0.00034257928444917366, 0.00023777884293137914, 0.0001863442103635731, 0.0002958557672703074, 0.00023903234523201707, 0.0002782986676127266, 0.00020847347362119826, 0.00017671628557563388, 0.00021744679245855032, 0.00018729778875216244, 0.0004166332962465147, 0.0002221079645741389, 0.0001707618603784822, 0.0005555514573030554, 0.0001991269688817341, 0.00022293612569490522, 0.0003226179639286749, 0.00020563230312354826, 0.00014718430355699014, 0.0003230791915900703, NaN], "stepsize": [1.0, 1.0, 0.5, 0.375, 0.5625, 0.10546875, 0.03955078125, 0.0296630859375, 0.022247314453125, 0.0333709716796875, 0.012514114379882812, 0.01877117156982422, 0.007039189338684082, 0.010558784008026123, 0.003959544003009796, 0.002969658002257347, 0.0022272435016930103, 0.0033408652525395155, 0.0025056489394046366, 0.003758473409106955, 0.002818855056830216, 0.002114141292622662, 0.0031712119389339932, 0.002378408954200495, 0.0035676134313007424, 0.0026757100734755568, 0.004013565110213335, 0.0030101738326600014, 0.002257630374495001, 0.0033864455617425016, 0.002539834171306876, 0.0038097512569603142, 0.0028573134427202357, 0.0042859701640803535, 0.003214477623060265, 0.004821716434590398, 0.001808143662971399, 0.0027122154944570986, 0.002034161620842824, 0.0030512424312642357, 0.002288431823448177, 0.0034326477351722656, 0.002574485801379199, 0.003861728702068799, 0.0057925930531031984, 0.008688889579654798, 0.0008145833980926373, 0.001221875097138956, 0.001832812645708434, 0.002749218968562651, 0.001030957113210994, 0.001546435669816491, 0.0023196535047247365, 0.0008698700642717762, 0.0013048050964076642, 0.0019572076446114964, 0.0014679057334586222, 0.0022018586001879333, 0.0033027879002819, 0.002477090925211425, 0.0004644545484771422, 0.0006966818227157134, 0.00104502273407357, 0.001567534101110355, 0.0023513011516655326, 0.00044086896593728737, 0.0006613034489059311, 0.0009919551733588968, 0.0014879327600383452, 0.0022318991400575175, 0.00041848108876078454, 0.0006277216331411768, 0.0009415824497117652, 0.0014123736745676478, 0.0021185605118514716, 0.00039723009597215095, 0.0005958451439582264, 0.0008937677159373396, 0.0013406515739060095, 0.0020109773608590143, 0.0003770582551610652, 0.0005655873827415977, 0.0008483810741123966, 0.001272571611168595, 0.0019088574167528925, 0.00035791076564116735, 0.000536866148461751, 0.0008052992226926265, 0.0012079488340389398, 0.0018119232510584097, 0.0006794712191469036, 0.0010192068287203553, 0.001528810243080533, 0.0011466076823103996, 0.0017199115234655994, 0.002579867285198399, 0.00048372511597469985, 0.0007255876739620498, 0.0010883815109430746, 0.0016325722664146118, 0.002448858399621918], "MeshQuality": [],