{"cost_function_value": [2802.608402821295, 22.559779580836334, 9.242074245907807, 0.911074577682393, 0.8336322198075513, 0.7661559833560763, 0.7120220453882978, 0.6811710207857996, 0.6336042978920172, 0.6218647003213381, 0.579690562758052, 0.5631320403825792, 0.5582449648149496, 0.5364455696286037, 0.535580431589999, 0.5175060157322531, 0.5116391400900998, 0.5113998432391463, 0.5035076126560438, 0.4977153365563663, 0.49387491399240285, 0.4925176694321261, 0.4902276878148296, 0.48856726906737963, 0.4754128861324251, 0.4724920131900516, 0.4719946431381594, 0.4715086116301646, 0.47039258594129657, 0.46566378817895626, 0.4629638884889745, 0.46123349144097514, 0.4599123847490933, 0.45720249644445543, 0.45373861065231985, 0.45273696432636074, 0.44542414441180644, 0.44120447785131944, 0.43851740361439495, 0.433449909854718, 0.4237196151685344], "gradient_norm": [1.0, 24.740014677237514, 14.91556485148519, 2.1803778641566773, 2.254684254866819, 2.7219982897382122, 2.2685883877584954, 2.874837268051827, 2.0633494072858243, 2.6463294233976282, 1.8328522174575435, 1.9888096522384608, 1.508683671171676, 1.6926993340198253, 1.2784153463486945, 1.4051413429456074, 1.0646610203395055, 1.3824028292712685, 0.9861835999305619, 1.1102938523907089, 0.9227358033565194, 0.9786825329943091, 0.7214031135036785, 1.0284531542870197, 0.5858109296676206, 0.5866813981551802, 0.6670432824142718, 0.5241859162576888, 0.7150423960703782, 0.47895653086892337, 0.5116231499563471, 0.42007865977566944, 0.553444107245634, 0.39096114585613756, 0.4143811113076396, 0.4645773035301178, 0.47503091123339464, 0.29005184793161226, 0.2977511045160721, 0.5806762043125835, 0.23242230705569425], "stepsize": [1.0, 1.0, 0.000244140625, 1.0, 1.0, 0.00048828125, 0.00048828125, 0.5, 0.00048828125, 1.0, 0.00048828125, 0.5, 0.001953125, 0.0625, 0.001953125, 0.0625, 0.001953125, 0.0625, 0.00048828125, 0.5, 0.00048828125, 0.0625, 0.00390625, 0.0625, 0.000244140625, 1.0, 0.00048828125, 0.00048828125, 0.5, 0.000244140625, 1.0, 0.0009765625, 0.125, 0.000244140625, 1.0, 0.001953125, 0.25, 0.000244140625, 1.0, 0.00390625, 0.000244140625], "MeshQuality": [], "angle": [179.79969089784942, 89.12314759896974, 91.7066818422634, 57.30776840555504, 57.98234385077122, 62.70951583716966, 55.647519273502, 58.69254052204115, 48.50681822603935, 51.48931034346949, 41.34500726904559, 41.81465913934818, 33.623000983850694, 34.74822598588919, 27.99440888422201, 28.52945517338683, 22.70491739700949, 26.482448169701392, 20.7893621999858, 21.92282491803626, 18.984374399656513, 19.655214975378247, 15.42534245130308, 19.025288792702227, 12.028883619814433, 11.857141225411658, 13.091477851708051, 10.861615629510585, 13.71734449593183, 9.76721115967669, 10.176204693845941, 8.669327316643006, 10.768323688562695, 7.9653892337703205, 8.267997622092954, 9.894439220254045, 9.237237999959538, 5.921095095048397, 6.017775024364734, 10.994561228200062, 4.792741856818574], "initial_gradient_norm": 26.128636571178856, "state_solves": 274, "adjoint_solves": 42, "iterations": 40}