{
    "stepsize": [
        1.0,
        0.0001220703125,
        1.0,
        1.0,
        1.0,
        1.0,
        1.0,
        0.000244140625,
        0.00048828125,
        1.0,
        0.001953125,
        0.0009765625,
        1.0,
        0.5,
        0.0009765625,
        0.0009765625,
        1.0,
        0.001953125,
        1.0,
        1.0,
        0.00390625,
        0.000244140625,
        1.0,
        1.0,
        0.00048828125,
        0.5,
        0.5,
        0.00048828125,
        0.001953125,
        1.0,
        0.25,
        1.0,
        0.0009765625,
        1.0,
        0.0001220703125,
        0.000244140625,
        7.62939453125e-06,
        7.62939453125e-06,
        1.0,
        0.125,
        0.00048828125,
        0.25,
        1.0,
        0.001953125,
        1.0,
        1.0,
        0.015625,
        0.5,
        0.001953125,
        1.0,
        0.00390625
    ],
    "no_state_solves": [
        1,
        15,
        16,
        17,
        18,
        19,
        20,
        33,
        45,
        46,
        56,
        67,
        68,
        70,
        81,
        92,
        93,
        103,
        104,
        105,
        114,
        127,
        128,
        129,
        141,
        143,
        144,
        156,
        166,
        167,
        170,
        171,
        182,
        183,
        197,
        210,
        228,
        229,
        230,
        234,
        246,
        249,
        250,
        260,
        261,
        262,
        269,
        271,
        281,
        282,
        291
    ],
    "no_adjoint_solves": [
        1,
        2,
        3,
        4,
        5,
        6,
        7,
        8,
        9,
        10,
        11,
        12,
        13,
        14,
        15,
        16,
        17,
        18,
        19,
        20,
        21,
        22,
        23,
        24,
        25,
        26,
        27,
        28,
        29,
        30,
        31,
        32,
        33,
        34,
        35,
        36,
        37,
        38,
        39,
        40,
        41,
        42,
        43,
        44,
        45,
        46,
        47,
        48,
        49,
        50,
        50
    ],
    "iteration": [
        0,
        1,
        2,
        3,
        4,
        5,
        6,
        7,
        8,
        9,
        10,
        11,
        12,
        13,
        14,
        15,
        16,
        17,
        18,
        19,
        20,
        21,
        22,
        23,
        24,
        25,
        26,
        27,
        28,
        29,
        30,
        31,
        32,
        33,
        34,
        35,
        36,
        37,
        38,
        39,
        40,
        41,
        42,
        43,
        44,
        45,
        46,
        47,
        48,
        49,
        50
    ],
    "gradient_norm_initial": [
        0.5972427959739549,
        0.5972427959739549,
        0.5972427959739549,
        0.5972427959739549,
        0.5972427959739549,
        0.5972427959739549,
        0.5972427959739549,
        0.5972427959739549,
        0.5972427959739549,
        0.5972427959739549,
        0.5972427959739549,
        0.5972427959739549,
        0.5972427959739549,
        0.5972427959739549,
        0.5972427959739549,
        0.5972427959739549,
        0.5972427959739549,
        0.5972427959739549,
        0.5972427959739549,
        0.5972427959739549,
        0.5972427959739549,
        0.5972427959739549,
        0.5972427959739549,
        0.5972427959739549,
        0.5972427959739549,
        0.5972427959739549,
        0.5972427959739549,
        0.5972427959739549,
        0.5972427959739549,
        0.5972427959739549,
        0.5972427959739549,
        0.5972427959739549,
        0.5972427959739549,
        0.5972427959739549,
        0.5972427959739549,
        0.5972427959739549,
        0.5972427959739549,
        0.5972427959739549,
        0.5972427959739549,
        0.5972427959739549,
        0.5972427959739549,
        0.5972427959739549,
        0.5972427959739549,
        0.5972427959739549,
        0.5972427959739549,
        0.5972427959739549,
        0.5972427959739549,
        0.5972427959739549,
        0.5972427959739549,
        0.5972427959739549,
        0.5972427959739549
    ],
    "relative_norm": [
        1.0,
        1.1694889622585,
        1.398828472818953,
        0.90308048655928,
        1.1622348222555665,
        0.8255079489557432,
        1.5970585697448723,
        0.9891768145621495,
        0.6866763738428315,
        0.8758215697271576,
        0.8161262717766183,
        0.6888426387408298,
        0.7422000913395678,
        1.0897749181302958,
        0.7878923530033145,
        0.6120092640807641,
        0.6861990536227207,
        0.6101887325190537,
        0.6465169182565946,
        0.6543285660675381,
        1.5621805273777087,
        0.4105929679027978,
        0.5720123909199963,
        0.6958229861778006,
        0.3848035409183142,
        0.44885933470202927,
        0.7958420893085051,
        0.5185376459048058,
        0.34681950333120753,
        0.43374960746402413,
        0.3472271427226026,
        0.501778820182075,
        0.28759017208437837,
        0.25216595382190976,
        1.422575496203562,
        0.2607764321427304,
        0.2612918591944658,
        0.2635367504743513,
        0.29527503847628994,
        0.5256579551398511,
        0.20515545712379746,
        0.1952927930719659,
        0.400600375615191,
        0.19410121447252293,
        0.2035025765294406,
        0.19247799628351273,
        0.191760358250683,
        0.20420271881300783,
        0.1626642769069376,
        0.17471553155124322,
        NaN
    ],
    "gradient_norm": [
        0.5972427959739549,
        0.6984688576799456,
        0.8354402281943689,
        0.539358314782184,
        0.694136374822207,
        0.4930286755330529,
        0.953831725528593,
        0.5907787264417085,
        0.4101125174431494,
        0.5230781230781457,
        0.4874255364236673,
        0.4114063035476502,
        0.44327365772376814,
        0.6508602190864257,
        0.47056303183419784,
        0.3655181240415581,
        0.4098274413803155,
        0.36443082468148336,
        0.38612757190403346,
        0.39079302228380514,
        0.9330010659871302,
        0.24522369215751127,
        0.3416302796848055,
        0.4155752657677762,
        0.22982114267873213,
        0.2680780040564492,
        0.4753109545723655,
        0.3096928734579388,
        0.20713544986782875,
        0.2590538283144192,
        0.20737890955769467,
        0.2996837855260548,
        0.17176115847030496,
        0.15060429931003658,
        0.8496229668366516,
        0.15574684545703663,
        0.1560546805505357,
        0.15739542569519208,
        0.17635088956089653,
        0.31394542685367643,
        0.12252761882193162,
        0.11663721376786393,
        0.23925568840063324,
        0.11592555203350988,
        0.12154044779434683,
        0.11495609666382964,
        0.11452749251860517,
        0.12195860272936412,
        0.09715006754498104,
        0.10434759256374024,
        NaN
    ],