{"cost_function_value": [0.12434418714986063, 0.12430461140996252, 0.003266356085905667, 0.0014645241791640647, 0.000776568153649334], "gradient_norm": [1.0, 0.9998398343592984, 0.5677630549749992, 0.2772783973702079, 0.0005706056948303869], "stepsize": [1.0, 1.0, 1.0, 0.125, 1.0], "state_solves": 8, "adjoint_solves": 5, "iterations": 4}