{"cost_function_value": [28.671702706558335, 28.626677634840036, 28.556604094119244, 28.327921655220134, 27.67850498579114, 27.100809131975122, 26.99425813172234, 26.805648333265356, 26.706131054525052, 26.492450621836316, 26.310534986513556, 26.01012293814936, 25.860302851891984, 25.69811267816064, 25.677800310687804, 25.62847606110331, 25.607938490772113, 25.593339972266048, 25.581916027177257, 25.57631637420093, 25.572978834310533, 25.48318275188456, 25.482750290128305, 25.48225472180908, 25.479219129226873, 25.472480104361185, 25.472015629782852, 25.471982642529742, 25.471943860517747, 25.471763495413292, 25.471703309484766, 25.47166745181787, 25.471651914124845, 25.47162868514545, 25.47158531608219, 25.471561201643784, 25.47151694574535, 25.47147269170613, 25.47146365925877, 25.471388171451558, 25.471312960470296, 25.47121096832001, 25.471206699643073, 25.47120629323177, 25.47120526085975, 25.471192822546097, 25.47117958235488, 25.471161991322568, 25.471160416655483, 25.47115011968527, 25.471147667667594, 25.471143706015454, 25.471137746961258, 25.471120490588984, 25.47110737384773, 25.471096703363862, 25.471086525775643, 25.471083189720467, 25.471083045906386, 25.47108243081633, 25.471081653242607, 25.471081443673928, 25.471077829562606, 25.471075363552945, 25.471071354978573, 25.47104142680069, 25.471030509849363, 25.47102666213448, 25.471026258017393], "gradient_norm": [1.0, 1.5386046166635716, 0.9798314498805404, 0.8999527037882209, 1.401153733017786, 4.570142009142937, 0.4213347215399768, 1.0200260921206188, 3.8556938757329475, 1.5610902733000258, 0.5160660428607119, 1.1909084676109298, 2.064758500334324, 0.42886298142664836, 2.3411413908044483, 0.13950440304344458, 0.23590682442041205, 0.9145495445974299, 0.2047725082910974, 0.11608309170449722, 0.10824854420162204, 0.18786581019749196, 0.062183740092988174, 0.04674098326150521, 0.0374002672746367, 0.20697500150317083, 0.014692975980024482, 0.007821563232196594, 0.0082182244686459, 0.030940097630442337, 0.020262389976968605, 0.004998138148242698, 0.009611674500371316, 0.017857559657935052, 0.005585539285283791, 0.045777105084309946, 0.020724278608926977, 0.013284027853069362, 0.015224805300927874, 0.06467935268801961, 0.04846491353413495, 0.013439036165894567, 0.0036173546811933137, 0.0026079751427248213, 0.002215283453047571, 0.009159869070281785, 0.011333877659046069, 0.0067609882878056715, 0.022516610608445044, 0.002279055835212565, 0.004091485085731402, 0.010308113909408733, 0.015634039016199138, 0.02306017595236698, 0.00557791141774041, 0.02629597927080298, 0.01295949799799314, 0.001327530054527811, 0.001441345954123278, 0.0014328573409850445, 0.0015520853118384294, 0.006427085826100438, 0.003066289058626711, 0.010057126499626822, 0.009744373207676476, 0.00955484170882202, 0.00983782175585527, 0.002243965258054218, 0.0009188582819799006], "stepsize": [1.0, 0.125, 1.0, 1.0, 1.0, 0.125, 1.0, 1.0, 1.0, 1.0, 1.0, 1.0, 1.0, 1.0, 1.0, 1.0, 1.0, 1.0, 1.0, 1.0, 1.0, 1.0, 0.015625, 1.0, 1.0, 1.0, 1.0, 1.0, 1.0, 1.0, 1.0, 1.0, 1.0, 1.0, 1.0, 0.25, 1.0, 1.0, 1.0, 1.0, 1.0, 1.0, 1.0, 1.0, 1.0, 1.0, 1.0, 1.0, 0.25, 1.0, 1.0, 1.0, 1.0, 1.0, 1.0, 1.0, 1.0, 1.0, 1.0, 1.0, 0.125, 0.0078125, 1.0, 0.5, 1.0, 1.0, 1.0, 1.0, 1.0], "MeshQuality": [1.0, 0.9956685678794603, 0.9951522916757822, 0.988235131094205, 0.9619000641394023, 0.8934980847571141, 0.9256089574029195, 0.90955856608434, 0.867495806619511, 0.8752032844019489, 0.8580275736520997, 0.8009318949384705, 0.7442881899349956, 0.7039408342788903, 0.6257446501327241, 0.6568037716271571, 0.6335063506149362, 0.5864918899667585, 0.5878750303493939, 0.5704062899609327, 0.5523435206311725, 0.5386997990112565, 0.5387280325309457, 0.5407645106116572, 0.5392489769867929, 0.523266780043513, 0.522981589689722, 0.5218258797801547, 0.5209095200192508, 0.5150813691517008, 0.5131555848948441, 0.5124148695078116, 0.5122784260420729, 0.5124419433927871, 0.5128930227143649, 0.514514417607214, 0.5153768453336723, 0.5172402416015088, 0.5175308253275345, 0.5170687572461111, 0.5163100650953403, 0.5123154976529625, 0.5117663209093555, 0.5115614088199594, 0.5114162834139924, 0.5096803380973408, 0.507913866116183, 0.5061217698108409, 0.5061065172996347, 0.505342795487858, 0.5054481288840075, 0.5057665190006568, 0.5056805592610206, 0.5048301790462228, 0.48825504043909446, 0.44771744795491975, 0.4418018940407431, 0.42895501560726934, 0.4282831585759479, 0.4285502472052895, 0.4077566348750593, 0.39644346302352407, 0.40944456119089734, 0.39995010841022793, 0.4109620508328334, 0.37471122365794296, 0.4001591311960382, 0.39024179098291933, 0.3832420541416492], "state_solves": 93, "adjoint_solves": 69, "iterations": 68}