{"cost_function_value": [0.611430528088985, 0.6109482221009611, 0.6076021030600854, 0.6042647899932672, 0.5992241375719128, 0.5893002025912673, 0.5589087689480426, 0.5539404476798452, 0.5518117489960142, 0.5518045156822833, 0.5450785225637379], "gradient_norm": [1.0, 2.273103328227997, 12.588519407867908, 21.249469590607713, 26.74880466415517, 36.24210801702133, 25.682350349531372, 14.082740174872649, 0.5795974906630819, 0.5794990398996464, 7.481686271209273], "stepsize": [1.0, 1.0, 1.0, 1.0, 1.0, 1.0, 1.0, 0.0625, 1.0, 1.0, 1.0], "MeshQuality": [1.0, 0.9994810335380349, 0.9944739610916139, 0.98760498464425, 0.9785850502256954, 0.9568362238096029, 0.9145126401377962, 0.9143282106866383, 0.914384850742404, 0.9143764021056099, 0.9056225935555381]}