{"cost_function_value": [0.3439938617271464, 0.3072364789423731, 0.30675971480975683, 0.2945593883446, 0.290943740387945, 0.28950303406528005, 0.2863572690156685, 0.281269039589783, 0.2764488222549882, 0.2584466466942289, 0.2538935202512608, 0.25271428740236956, 0.24848154415202522, 0.24626205857332936, 0.2434936902907303, 0.24041227088131278, 0.23857472601281882, 0.22927097813399866, 0.22890778811145318, 0.22736904222727533, 0.22611688758347787, 0.22439776724250413, 0.22342701289564115, 0.2233181115258524, 0.22275797934756997, 0.22182968257021382, 0.22155747496040787, 0.2213141709639192, 0.2212598384707684, 0.22107520987192364, 0.22075560657331378, 0.22068181364490608, 0.22061986992767368, 0.2205396943095801, 0.2205046022125136, 0.22039439752301646, 0.22031554660742064, 0.22029662870184552, 0.22028978179155526, 0.22026708407778103, 0.22025489764250614, 0.22023816327740733, 0.22023220050281384, 0.22023167479765615, 0.22023058856172417, 0.22022942542200563, 0.22022811177484453, 0.2202262656772386, 0.22022275891280782, 0.22022218803119786, 0.22022063291027494, 0.2202203146936876, 0.22021982545007837, 0.22021890784361683, 0.22021678063145728, 0.22021409175158224, 0.22021101759093578, 0.2202100633116589, 0.22020799676421088, 0.2202073373690288, 0.2202041173107871, 0.22020162222875414, 0.22019809300833865, 0.2201931702117596, 0.22019067333101427, 0.22018626366769792, 0.22018381198970158, 0.22018219896661723, 0.22018075421689973, 0.22017805016594777, 0.22017572156969592, 0.2201746138066451, 0.22017390908570683, 0.22017296139889556, 0.22017204561602058, 0.22017016006029966, 0.22016872075822322, 0.2201680686262262, 0.2201674981742786, 0.220167213664182, 0.2201639147069846, 0.22015822324962367, 0.2201455552973776, 0.22014148183925952, 0.220137797032654, 0.22013672209650928, 0.22013606885572143, 0.22013426136658584, 0.22013194728981547, 0.22012905798211052, 0.22012782903620776, 0.22012366108569364, 0.22012169989220165, 0.2201207536551421, 0.22011895403846302, 0.22011474723016228, 0.2201128104619413, 0.22010745791217287, 0.22010366466144873, 0.2201027681122494, 0.22010169789865222], "gradient_norm": [1.0, 0.9149167993915779, 2.7216735184980516, 1.8419546486168457, 0.5643049018296589, 0.4596886506781654, 0.9392025801895045, 0.9757621592415909, 4.227848485399498, 0.28727993883185804, 0.8390847081843187, 2.201885391133788, 0.49334988456339784, 0.3627278301494443, 1.0654580223992827, 0.7489694899049325, 1.8310331824806267, 0.41777062672435217, 0.9243266298611781, 0.5186664125257455, 0.6409338401747746, 0.4866171983058906, 0.4053472029070263, 0.21334732210450738, 0.3130623779149191, 0.13649749448651866, 0.33995635590302037, 0.054404460872691386, 0.0780595224038777, 0.0890950793481543, 0.13078873303098795, 0.036007576174316755, 0.05367402446155282, 0.05481369899088253, 0.19154023747224402, 0.09686905699256997, 0.06035416917398261, 0.05323844483600043, 0.023756204911715276, 0.014384808071682227, 0.04673725644894997, 0.009981370933711048, 0.005933545678883162, 0.014185398328576937, 0.00845468366953173, 0.005168495001625076, 0.0053727464977599915, 0.011899128386236094, 0.005663586429610995, 0.02797035582753239, 0.006063921109409758, 0.005693011883155581, 0.011607094999434426, 0.018913146868880487, 0.02702633244796305, 0.02312350201508239, 0.02152785569283506, 0.009091973062543982, 0.008627117909639189, 0.015109029462932955, 0.007850979686456042, 0.005223027523679194, 0.006906448386617911, 0.009456916804113712, 0.02355898890370804, 0.006929168040472009, 0.011489100366029814, 0.006084459843909446, 0.00817702786807905, 0.014417555752305668, 0.008246842276528799, 0.014374970253498345, 0.007314849283176651, 0.006496953479690284, 0.010968260934922775, 0.014905670587673924, 0.004028934235061008, 0.008196243803038744, 0.007164491359371197, 0.007880557753044007, 0.01017929148914417, 0.01093458889508602, 0.007252342512013436, 0.03990695403996341, 0.021584101232430524, 0.009494086764456712, 0.007490167109524402, 0.011938070263998058, 0.013460662010624942, 0.015943499109336554, 0.03788173664440866, 0.019523665916485883, 0.00781897979443448, 0.011511127985359753, 0.017330864593277064, 0.02181100333414305, 0.05389313405167266, 0.03072712393879421, 0.010362679323803572, 0.007122626588281571, 0.009453269466559337], "stepsize": [1.0, 0.25, 0.25, 1.0, 1.0, 1.0, 1.0, 1.0, 0.5, 1.0, 1.0, 1.0, 1.0, 1.0, 0.5, 1.0, 0.5, 1.0, 0.25, 1.0, 1.0, 1.0, 0.5, 0.5, 0.5, 1.0, 1.0, 1.0, 1.0, 1.0, 1.0, 1.0, 1.0, 1.0, 0.25, 1.0, 1.0, 1.0, 0.125, 1.0, 1.0, 1.0, 1.0, 0.125, 1.0, 1.0, 1.0, 1.0, 1.0, 1.0, 1.0, 1.0, 1.0, 1.0, 1.0, 1.0, 1.0, 0.0625, 1.0, 0.5, 1.0, 1.0, 1.0, 1.0, 0.25, 1.0, 1.0, 1.0, 1.0, 1.0, 1.0, 1.0, 1.0, 1.0, 1.0, 1.0, 1.0, 1.0, 1.0, 1.0, 1.0, 1.0, 1.0, 1.0, 1.0, 1.0, 1.0, 1.0, 1.0, 0.5, 0.0625, 1.0, 1.0, 1.0, 1.0, 1.0, 0.5, 1.0, 1.0, 1.0, 1.0], "MeshQuality": [1.0, 0.9440860908945697, 0.9278734270253298, 0.8776772072229158, 0.8822103580753134, 0.8706736302815856, 0.8455119906155439, 0.8324547626919894, 0.6704794237045398, 0.7390632327829718, 0.6446531539035708, 0.47222471415519685, 0.5111919710995226, 0.43608945222627715, 0.26453046773881495, 0.19619076402099514, 0.04793125129169305, 0.07466942758368708, 0.06392775380717752, 0.07447233251136752, 0.08031270557075408, 0.020634615124734544, 0.15203861139545438, 0.1467441756681071, 0.0686567717863354, 0.1287670538586756, 0.10907880420283932, 0.10241592448237415, 0.08590233153708567, 0.0630737764930794, 0.1239575050026923, 0.1178044351016417, 0.1269727861487338, 0.16066072324874886, 0.19239802396056394, 0.20154881634983973, 0.19101211771186083, 0.19625896755268168, 0.1929312447410994, 0.19886216261851564, 0.1893613180541954, 0.19776532445240969, 0.19852940958409174, 0.1950480586798029, 0.195407328096579, 0.1959716179849116, 0.1975355979164266, 0.19360657316640464, 0.19232328610930557, 0.19398020039811906, 0.19173302218106977, 0.1922192152190034, 0.19364091382296278, 0.19678757729486598, 0.20506489551754054, 0.21504326231620832, 0.22311913456431304, 0.22405157926586164, 0.22518649874830884, 0.22102008183370586, 0.21521339466319675, 0.20547222755775535, 0.18738445189368982, 0.16887661911257923, 0.14541480967987494, 0.12935203875763077, 0.1395565741439462, 0.14372396313279573, 0.14694722294118598, 0.14970159175216677, 0.1647134802311116, 0.16491774149015717, 0.16306352116193473, 0.15750384971160905, 0.15083350498299952, 0.1372939162466645, 0.12911137708376116, 0.12677809516446623, 0.13061613624670895, 0.13208035770710314, 0.15008441432862388, 0.17255462364289134, 0.1366298904639254, 0.08708393058439524, 0.08127361387115956, 0.09084858482985965, 0.09257325833794697, 0.08864210830000722, 0.07787728886380488, 0.08594386188721627, 0.0697578190239951, 0.05187433236754257, 0.04342530932287507, 0.03694988114223097, 0.029420728169451453, 0.017975753076060724, 0.0195739468599801, 0.0147523850962009, 0.01622222672298674, 0.02088142056557166, 0.020155640126376318]}