{
    "stepsize": [
        1.0,
        0.0001220703125,
        1.0,
        1.0,
        1.0,
        0.25,
        0.0009765625,
        0.000244140625,
        0.125,
        0.5,
        0.015625,
        0.0009765625,
        0.0009765625,
        1.0,
        1.0,
        1.0,
        0.00048828125,
        1.0,
        0.125,
        0.0078125,
        1.0,
        1.0,
        0.000244140625,
        0.0009765625,
        1.0,
        1.0,
        0.001953125,
        0.001953125,
        1.0,
        1.0
    ],
    "no_state_solves": [
        1,
        15,
        16,
        17,
        18,
        21,
        32,
        45,
        49,
        51,
        58,
        69,
        80,
        81,
        82,
        83,
        95,
        96,
        100,
        108,
        109,
        110,
        123,
        134,
        135,
        136,
        146,
        156,
        157,
        158
    ],
    "no_adjoint_solves": [
        1,
        2,
        3,
        4,
        5,
        6,
        7,
        8,
        9,
        10,
        11,
        12,
        13,
        14,
        15,
        16,
        17,
        18,
        19,
        20,
        21,
        22,
        23,
        24,
        25,
        26,
        27,
        28,
        29,
        30
    ],
    "iteration": [
        0,
        1,
        2,
        3,
        4,
        5,
        6,
        7,
        8,
        9,
        10,
        11,
        12,
        13,
        14,
        15,
        16,
        17,
        18,
        19,
        20,
        21,
        22,
        23,
        24,
        25,
        26,
        27,
        28,
        29
    ],
    "gradient_norm_initial": [
        0.6025482056993928,
        0.6025482056993928,
        0.6025482056993928,
        0.6025482056993928,
        0.6025482056993928,
        0.6025482056993928,
        0.6025482056993928,
        0.6025482056993928,
        0.6025482056993928,
        0.6025482056993928,
        0.6025482056993928,
        0.6025482056993928,
        0.6025482056993928,
        0.6025482056993928,
        0.6025482056993928,
        0.6025482056993928,
        0.6025482056993928,
        0.6025482056993928,
        0.6025482056993928,
        0.6025482056993928,
        0.6025482056993928,
        0.6025482056993928,
        0.6025482056993928,
        0.6025482056993928,
        0.6025482056993928,
        0.6025482056993928,
        0.6025482056993928,
        0.6025482056993928,
        0.6025482056993928,
        0.6025482056993928
    ],
    "relative_norm": [
        1.0,
        1.4601079936885863,
        0.9404104394095415,
        0.9046890688497039,
        0.7441243995311595,
        1.0823036620007944,
        1.5186358137314369,
        0.6435096612072271,
        0.6633583664027806,
        0.8500584294364643,
        0.7448026664142388,
        1.3466035187894583,
        0.5436101056654958,
        0.48481163461591736,
        0.4118443749183722,
        1.5594968705412633,
        0.33253678751835736,
        0.3871197143973354,
        0.3144125337097836,
        0.3001880458532595,
        0.28155324390434044,
        1.6197766654421708,
        0.31996880234939534,
        0.2903496865117929,
        0.3161803898736243,
        0.39435975643995075,
        0.3946479675360504,
        0.2050181917840205,
        0.19280299451186214,
        0.24219035601164285
    ],
    "gradient_norm": [
        0.6025482056993928,
        0.879785451724398,
        0.5666426228871968,
        0.5451187751512435,
        0.44837082175463827,
        0.6521401295604609,
        0.9150512846747146,
        0.3877455917106388,
        0.3997053934116758,
        0.5122011813965854,
        0.448779510248023,
        0.8113935340350766,
        0.3275512937688018,
        0.29212238054001066,
        0.24815608913445322,
        0.9396720411384565,
        0.20036944464822648,
        0.23325828930097586,
        0.18944870803622998,
        0.18087776840128855,
        0.16964940192340386,
        0.9759935233959257,
        0.19279662773541184,
        0.174949682633062,
        0.1905139265956868,
        0.2376207636429419,
        0.2377944247217594,
        0.12353334359519555,
        0.11617309839659241,
        0.14593136445251256
    ],
    "objective_value": [
        486.05938469548937,
        426.8518051391907,
        286.07147706760315,
        275.54215715841536,
        200.17861493106702,
        197.8022972679767,
        195.16971475482592,
        181.07172352513288,
        174.09020242546907,
        153.24633698342475,
        144.13196729486785,
        132.25243427096302,
        130.9124130998124,
        100.67964663435671,
        75.33199183660926,
        59.02236601314529,
        58.87033939148487,
        54.27912432051159,
        54.0339071196586,
        53.780270506745936,
        52.13964084045479,
        44.71460658587826,
        44.15893016355742,
        44.095707389202616,
        42.68191397921,
        40.28360863191439,
        39.84457230864853,
        39.723431473214234,
        38.980548811705056,
        38.25109345614112
    ]
}