{"cost_function_value": [10.660444572864517, 10.640509957682347, 10.261937859856353, 10.064547182872818], "gradient_norm": [1.0, 2.0808632017411752, 0.8181476037022845, 0.8181476037022845], "stepsize": [1.0, 0.03125, 1.0, 1.0], "MeshQuality": [1.0, 0.9320334182544944, 0.9260640948571398, 0.8679271854645074], "state_solves": 7, "adjoint_solves": 3, "iterations": 3}