{
    "stepsize": [
        1.0,
        0.0001220703125,
        1.0,
        1.0,
        1.0,
        1.0,
        0.0009765625,
        0.0001220703125,
        1.0,
        0.0625,
        1.0,
        1.0,
        0.001953125,
        0.0001220703125,
        1.0,
        0.125,
        0.00390625,
        1.0,
        1.0,
        0.0078125,
        0.00390625,
        1.0,
        0.00390625,
        1.0,
        0.015625,
        0.00048828125,
        1.0,
        0.015625
    ],
    "no_state_solves": [
        1,
        15,
        16,
        17,
        18,
        19,
        30,
        44,
        45,
        50,
        51,
        52,
        62,
        76,
        77,
        81,
        90,
        91,
        92,
        100,
        109,
        110,
        119,
        120,
        127,
        139,
        140,
        147
    ],
    "no_adjoint_solves": [
        1,
        2,
        3,
        4,
        5,
        6,
        7,
        8,
        9,
        10,
        11,
        12,
        13,
        14,
        15,
        16,
        17,
        18,
        19,
        20,
        21,
        22,
        23,
        24,
        25,
        26,
        27,
        28
    ],
    "iteration": [
        0,
        1,
        2,
        3,
        4,
        5,
        6,
        7,
        8,
        9,
        10,
        11,
        12,
        13,
        14,
        15,
        16,
        17,
        18,
        19,
        20,
        21,
        22,
        23,
        24,
        25,
        26,
        27
    ],
    "gradient_norm_initial": [
        0.6029616113841668,
        0.6029616113841668,
        0.6029616113841668,
        0.6029616113841668,
        0.6029616113841668,
        0.6029616113841668,
        0.6029616113841668,
        0.6029616113841668,
        0.6029616113841668,
        0.6029616113841668,
        0.6029616113841668,
        0.6029616113841668,
        0.6029616113841668,
        0.6029616113841668,
        0.6029616113841668,
        0.6029616113841668,
        0.6029616113841668,
        0.6029616113841668,
        0.6029616113841668,
        0.6029616113841668,
        0.6029616113841668,
        0.6029616113841668,
        0.6029616113841668,
        0.6029616113841668,
        0.6029616113841668,
        0.6029616113841668,
        0.6029616113841668,
        0.6029616113841668
    ],
    "relative_norm": [
        1.0,
        1.406725796799283,
        0.8325423891401441,
        0.801916121130964,
        0.6516666430971108,
        0.7635237526322335,
        1.6086882115202115,
        0.36981765662673893,
        0.40706917241231433,
        0.40863647294560645,
        0.3541861667639564,
        0.3612256404924604,
        1.609338636439793,
        0.3500661566598851,
        0.3538817749929861,
        0.3286774468133261,
        0.2659733988243924,
        0.2165244261453631,
        0.2508781929045794,
        0.23242332726630582,
        0.2066626803991942,
        0.19774211710219392,
        0.18942870241707868,
        0.20800745700023537,
        0.21052469828783163,
        0.20902277765089664,
        0.2053828709156614,
        0.19974175071720796
    ],
    "gradient_norm": [
        0.6029616113841668,
        0.8482016532137717,
        0.5019911005015654,
        0.48352463659206674,
        0.3929299692071446,
        0.46037551221721745,
        0.9699772362329401,
        0.222985850157975,
        0.24544708414254826,
        0.24639210619762536,
        0.2135606618419764,
        0.21780519426461167,
        0.9703694174905354,
        0.2110764539107065,
        0.21337712528926006,
        0.1981798829561969,
        0.1603717491404793,
        0.13055591689264015,
        0.15126991945489304,
        0.1401423439317613,
        0.1246096627864692,
        0.11923090556645545,
        0.11421823565181358,
        0.1254205114527847,
        0.1269383113157965,
        0.12603271082837905,
        0.12383798679801353,
        0.12043660787314227
    ],
    "objective_value": [
        493.683402979167,
        383.37499380869565,
        295.9095751769852,
        282.82055426170723,
        177.04219603843993,
        68.37539824584813,
        63.41976114230002,
        56.186242128429726,
        53.10494543988251,
        45.9918133792679,
        41.25199251331432,
        38.795006391236,
        37.89466639962201,
        37.37326165147798,
        36.639094991525816,
        35.64107161833617,
        35.55969709657691,
        33.96233622290174,
        33.021368300077825,
        33.01274083035276,
        33.01198256414311,
        32.69608611758197,
        32.693680938327,
        32.552356440983594,
        32.527309762984444,
        32.52682059689422,
        32.44498039927779,
        32.415006128661226
    ]
}