{"cost_function_value": [21.33051124938257, 21.32829997578461, 21.322168615215116, 21.30979248130736, 21.273531075626536, 21.1758613950696, 20.45250537144402, 20.443830157477127, 20.42310489336594, 20.42175436159719, 20.35904482852434, 20.20195075837196, 20.18896020986382, 20.14092681146646, 20.13984417681628, 20.00213095987636, 19.4485917599318, 19.429578611430824, 19.32883351910698, 19.321972859150698, 19.162566401985607, 19.129905821825844, 18.97986522906157, 18.886992482677236, 18.844658658864148, 18.762769428649573, 18.609115911501206, 18.516054724448296, 18.419254067879173, 18.34817271638123, 18.23317312821106, 18.134582479295243, 18.08236728642632, 17.983296484882523, 17.91426604977274, 17.86840872541216, 17.803096698403994, 17.752355749401858, 17.706350409297116, 17.650488801100025, 17.57207445018969, 17.54005263005296, 17.463750769283305, 17.45803559424558, 17.455204894060223, 17.454857017652717, 17.454669068350444, 17.45462166990425, 17.45459726548177, 17.45457016356639, 17.45456937519445, 17.454568971278665, 17.454568763677734], "gradient_norm": [1.0, 1.954208205900267, 1.1008927974624891, 0.8407503956051667, 2.643767001214804, 5.733813224292002, 3.9410574949993316, 3.455882937018475, 0.6029422451442598, 0.5959038922497033, 3.2047660075732045, 5.83934034355453, 5.267218689654281, 0.5524021514975731, 0.5495355173720141, 3.9026772827418275, 8.436340481131104, 3.834012013176589, 3.7859590149351137, 6.680048408008729, 15.672532201578395, 3.578027832842293, 0.6750401882535393, 8.091046661199323, 4.274313895271779, 1.9928959011777836, 9.903654140858631, 1.4718789328596082, 1.5419891908180223, 10.88478368454733, 1.235685535714551, 1.5252284356117378, 10.951191849633995, 1.009224701829382, 1.445994809697882, 9.40499669308712, 1.165527218888586, 1.4701926887966312, 7.380262746426554, 1.9514422496677317, 3.7475146951301075, 9.851271123006413, 5.11001955045215, 4.953160631558602, 4.827971986954435, 4.8152198455650215, 4.810871878834499, 4.809501034521651, 4.8090418264702715, 4.807446671534632, 4.807427604387607, 4.807418622868677, 4.80741411111388], "stepsize": [1.0, 0.0078125, 1.0, 1.0, 1.0, 1.0, 1.0, 0.00390625, 1.0, 1.0, 1.0, 1.0, 0.00390625, 1.0, 1.0, 1.0, 1.0, 0.5, 1.0, 0.125, 1.0, 1.0, 1.0, 0.125, 1.0, 1.0, 1.0, 1.0, 1.0, 0.5, 1.0, 1.0, 0.5, 1.0, 1.0, 0.5, 1.0, 1.0, 0.5, 1.0, 1.0, 1.0, 0.5, 0.03125, 0.015625, 0.001953125, 0.0009765625, 0.000244140625, 0.0001220703125, 0.0001220703125, 3.814697265625e-06, 1.9073486328125e-06, 9.5367431640625e-07], "MeshQuality": [1.0, 0.9996552834916438, 0.9996486620719622, 0.9993183946640167, 0.997818890219488, 0.993036454579218, 0.9668178154357846, 0.9663259004647896, 0.9664961606096746, 0.966446994735569, 0.9632769011165839, 0.9549017379786634, 0.9541754453779653, 0.9544694711805785, 0.9544254009114954, 0.947293051047977, 0.9093728919435714, 0.9149570860767348, 0.906848927482178, 0.9007770108504276, 0.8583557217271374, 0.8883840224034047, 0.8757534388984056, 0.8560387216208489, 0.8588809426151413, 0.851963365035863, 0.816753339515386, 0.8213903394442797, 0.8075535501778147, 0.766763506097235, 0.7698952640344033, 0.7456545195860107, 0.692517211705633, 0.6992817278969425, 0.6746805578472488, 0.622238019831919, 0.6295174846054712, 0.6056436010746431, 0.5599384235938788, 0.5555640999045673, 0.4396057696719196, 0.17366909198233604, 0.11969798459189648, 0.10633724695509796, 0.10128634585119156, 0.10060949226334759, 0.10019350700481348, 0.10009577903377037, 0.10004123617209094, 0.10000311004288778, 0.10000147042840239, 0.10000062781251648, 0.10000019973500182]}