{"cost_function_value": [0.9402629412748323, 0.8872662980139608, 0.7179042735637045, 0.663097210130689, 0.6078865654161332, 0.5553725774603613, 0.4958623310463858, 0.45542715107140747, 0.453870184993088, 0.4380974306335549, 0.4370013077232182, 0.4354969440023711, 0.43441784217324586, 0.4338834684931839, 0.43366474679498007, 0.4336089128953991, 0.4333213513570688, 0.43313984038099973, 0.43308707885827563, 0.43306382305389235, 0.43302379462763474, 0.4329964065841464, 0.4329703766419803, 0.4329603822827913, 0.4329582303460143, 0.43294344788230593, 0.43294327853050396, 0.43293927194639403, 0.43293771384568697, 0.4329336343288233, 0.43292768889235583, 0.4329264164602711], "gradient_norm": [1.0, 0.8260093938669778, 0.2967531561190647, 0.1798197524253351, 0.10319760253398844, 0.08522141163085976, 0.21459709051410156, 0.06932964108270863, 0.11823118867815453, 0.032235764979274724, 0.018323897870872432, 0.012939281797466605, 0.00878965071882285, 0.030101637158179116, 0.015381824849372854, 0.011877577750953909, 0.005485473225097383, 0.005031325933495513, 0.0034247931713050285, 0.002409970869370998, 0.0021399708370556797, 0.0017606949445721984, 0.0015088211790733655, 0.002147697398792426, 0.0016859398018190409, 0.0009888158586740985, 0.0022144743986771214, 0.0008364950935814677, 0.0006021363497701607, 0.0005879905429812695, 0.0006405451383512465, 0.0004996548904323804], "stepsize": [1.0, 0.005, 1.0, 1.0, 1.0, 1.0, 1.0, 1.0, 1.0, 1.0, 1.0, 1.0, 0.5, 1.0, 3.814697265625e-06, 0.0078125, 1.0, 1.0, 0.5, 1.0, 1.0, 1.0, 1.0, 1.0, 1.0, 1.0, 0.5, 1.0, 1.0, 1.0, 0.5, 0.125], "MeshQuality": [0.2660408205050946, 0.26633767441292566, 0.2657664569641771, 0.2561659810341238, 0.24486803984634353, 0.23161053187961744, 0.19578961737268785, 0.04173199247535786, 0.0842779033488934, 0.004511734457151029, 0.027666775582933734, 0.029752984119056913, 0.0365270938392912, 0.0007699601125396027, 0.005783000541462857, 0.015535788578021292, 0.020601908846801353, 0.023358197906280687, 0.024548337474395998, 0.023304977774420643, 0.018408220394519947, 0.011327908445126544, 0.006836321052496541, 0.0014513008708531006, 0.006891757076208815, 0.0044061661690508735, 0.0022274055208387766, 0.0024165817994240557, 0.003516572279941066, 0.003181232770512965, 0.0007904879984890201, 0.0002797089326430635], "initial_gradient_norm": 3.407842207984091, "state_solves": 37, "adjoint_solves": 32, "iterations": 31}