{
    "stepsize": [
        1.0,
        0.001953125,
        1.0,
        0.015625
    ],
    "no_state_solves": [
        1,
        11,
        12,
        19
    ],
    "no_adjoint_solves": [
        1,
        2,
        3,
        4
    ],
    "iteration": [
        0,
        1,
        2,
        3
    ],
    "gradient_norm_initial": [
        0.12043660787314227,
        0.12043660787314227,
        0.12043660787314227,
        0.12043660787314227
    ],
    "relative_norm": [
        1.0,
        0.8785571066755308,
        1.0240964470291178,
        0.8913321754166301
    ],
    "gradient_norm": [
        0.12043660787314227,
        0.10581043775084333,
        0.12333870221512408,
        0.10734902369536754
    ],
    "objective_value": [
        32.415006128661226,
        32.40896646994773,
        32.36857231424416,
        32.34823938359487
    ]
}