{"cost_function_value": [0.01844722599823243, 0.00296873348143958, 1.4032785561840204e-05, 7.260544997837202e-08, 3.326967484440141e-10, 7.023523016083452e-12], "eps": [1.1799821078642916, 0.5402821415702382, 0.041319297271306316, 0.002511332273905528, 0.0001705077050190124, 1.7101313450600688e-05], "stepsize": [1.0, 1.0, 1.0, 1.0, 1.0, 1.0], "MeshQuality": [0.4620241540461052, 0.4853416537320775, 0.47521250698821693, 0.4699161459671043, 0.4702939412320447, 0.47031734718459794]}