{
    "cost_function_value": [
        0.018446680546406656,
        0.002968854234065752,
        1.4044251007537854e-05,
        7.436794541939878e-08,
        3.3125779878852174e-10,
        8.482194687660224e-12
    ],
    "eps": [
        1.179960634946022,
        0.5402985640019651,
        0.04134590331701034,
        0.0025498084692193185,
        0.0001745737550440082,
        3.498288550331805e-05
    ],
    "stepsize": [
        1.0,
        1.0,
        1.0,
        1.0,
        1.0,
        1.0
    ],
    "MeshQuality": [
        0.46202415404612307,
        0.48534105296851593,
        0.4752113308318474,
        0.46991474242477005,
        0.47029941170390377,
        0.4703210833311442
    ]
}