{
    "cost_function_value": [
        8.43576467497285e-05,
        6.321406373138715e-06,
        3.757248246405087e-07,
        6.492747314444575e-08,
        2.5502281994099945e-08,
        1.045513561000219e-08
    ],
    "eps": [
        0.2714689844155716,
        0.09123719674129165,
        0.04209945367935356,
        0.02632393957488272,
        0.011912935969791951,
        0.00429293315489518
    ],
    "stepsize": [
        1.0,
        1.0,
        1.0,
        1.0,
        1.0,
        1.0
    ],
    "MeshQuality": [
        0.3441862980971556,
        0.38658324849707115,
        0.38460354314010936,
        0.37743786779448596,
        0.37218850386072166,
        0.3665218589984678
    ]
}