{"cost_function_value": [8.435764674972805e-05, 6.321406373133801e-06, 3.757248246419054e-07, 6.492747314444208e-08, 2.550228199419987e-08, 1.0455135609844983e-08], "eps": [0.27146898441562106, 0.09123719674130686, 0.04209945367946616, 0.02632393957495021, 0.011912935969793356, 0.0042929331548266034], "stepsize": [1.0, 1.0, 1.0, 1.0, 1.0, 1.0], "MeshQuality": [0.34418629809714807, 0.38658324849707726, 0.38460354314010514, 0.37743786779446986, 0.3721885038607101, 0.36652185899846157]}