{"cost_function_value": [32.72677848985185, 32.703595275278, 32.66773395899272, 32.52770128547086, 32.151581882938885, 31.4126992117901, 31.164413612021225, 31.030077392507696, 30.90555723917013, 30.30337221355267, 30.179220912472584, 30.117745325175015, 30.088579766101578, 29.940720775122337, 29.876718392890155, 29.688977658996013, 29.66474128180564, 29.65450994014417, 29.631439144950477, 29.619240311598578, 29.562580253671996, 29.545225025698663, 29.539918130976993, 29.52452274196894, 29.522448408114027, 29.52235254828637, 29.522282977894772, 29.522057524099836, 29.521501960111355, 29.513941995744478, 29.51369661344786, 29.511833270054865, 29.51176616226909, 29.51154273891872, 29.51123743367871, 29.51123678941431, 29.511203023957396, 29.51116196412169, 29.511136189229372, 29.511132096768524, 29.511108233262032, 29.51108759883767, 29.511056988373976, 29.511055962649536, 29.511042495195106, 29.511038173932267, 29.51103180928281, 29.511022553547555, 29.511005767485546, 29.510994485621477, 29.510907790259804, 29.510775608128565, 29.510618328371255, 29.510588342135385, 29.510513635715956, 29.510504424966918, 29.510504306987656, 29.510503673903493, 29.510501427525604, 29.510495909109753, 29.51049507494754, 29.510491182397793, 29.51048910805121, 29.510487925887684, 29.510486142801327, 29.51048548112316, 29.510485465395465, 29.51048524159024, 29.51048461089581, 29.510483915749937, 29.510475855118113, 29.5104633853047, 29.51046216526847, 29.510460557354477, 29.51045765929285, 29.51045598614632, 29.5104555481056, 29.51045434978521, 29.51045291154761, 29.51044741531105, 29.51044697114611, 29.51044583839544, 29.510440801402275, 29.510438065636265, 29.51043707338493, 29.510434809129187], "gradient_norm": [1.0, 1.5270423043916066, 1.0063108755188108, 1.0452961777263494, 2.2160561258577345, 6.794455616660498, 1.6443319067974358, 1.7437372387721866, 5.479876351619323, 5.087185618254096, 0.6211678705133399, 1.0364340098642253, 5.187344512903421, 0.47730125929806805, 0.5603446603118383, 1.243474424262698, 0.6545548264778452, 0.5298050082391019, 0.5531263223877027, 2.559731402443174, 0.5005756507973473, 0.08082377699337659, 1.6326802760547405, 0.11612824311689365, 0.04233637569545477, 0.08433318147706263, 0.1292120547995698, 0.08032347018914449, 0.09231243840139695, 0.35527169928774893, 0.5858887940551619, 0.01069702533796472, 0.009622245678616555, 0.03706967850351925, 0.018792244766453612, 0.024324306012457043, 0.010249504093857945, 0.011981949152331422, 0.013655706960684464, 0.06125898127713602, 0.026413310080770868, 0.009728613108810708, 0.010304272542113501, 0.028688990988393424, 0.01037601220977937, 0.007732238340527977, 0.015826747653796176, 0.02174936118352548, 0.022208445667821975, 0.11066093165471387, 0.05777250195129634, 0.005924703440352605, 0.021027356603041513, 0.10617882158581844, 0.03598692086842591, 0.005111285590924835, 0.003548948664099723, 0.003638916102487199, 0.011345957964627899, 0.0040849972126113234, 0.01076279775627283, 0.004952965658312891, 0.003146984065716754, 0.003140596946327256, 0.027223672235388834, 0.005838965866179098, 0.004423534557425484, 0.004981080277880561, 0.004688985573932467, 0.025087342626513673, 0.018235879853358873, 0.003172575652243615, 0.0035411657951855712, 0.0030951878127057336, 0.029954367444055007, 0.008236976088514928, 0.0030317413969081827, 0.008658081115423825, 0.008182526039551696, 0.02536714663874688, 0.01051365751043562, 0.00550716165282278, 0.009439436090053167, 0.009965555467277275, 0.024764577057603706, 0.003382269490017421], "stepsize": [1.0, 0.0625, 1.0, 1.0, 1.0, 0.25, 0.5, 1.0, 0.5, 0.5, 0.5, 1.0, 1.0, 1.0, 1.0, 1.0, 0.0625, 1.0, 1.0, 0.125, 1.0, 1.0, 1.0, 1.0, 1.0, 0.5, 0.25, 1.0, 1.0, 1.0, 0.25, 1.0, 1.0, 0.125, 1.0, 0.125, 1.0, 1.0, 1.0, 0.03125, 1.0, 1.0, 1.0, 0.25, 1.0, 1.0, 1.0, 1.0, 1.0, 0.25, 1.0, 1.0, 1.0, 0.25, 1.0, 1.0, 1.0, 1.0, 1.0, 1.0, 0.5, 1.0, 1.0, 1.0, 0.0078125, 1.0, 0.5, 1.0, 1.0, 0.5, 1.0, 1.0, 1.0, 1.0, 0.125, 1.0, 1.0, 1.0, 1.0, 0.125, 1.0, 1.0, 1.0, 1.0, 0.03125, 1.0], "MeshQuality": [1.0, 0.9975030718237304, 0.997092417987076, 0.9919736585946071, 0.9740705148356242, 0.9016942137676486, 0.9236768344445392, 0.9154720713548987, 0.8908520778428608, 0.82079800057159, 0.8442444484695323, 0.8325302493984451, 0.7703064008224091, 0.7962043639263383, 0.7776786093276956, 0.6834468142339278, 0.6637469441063141, 0.6527409193075652, 0.614942907893191, 0.6086592071609608, 0.5543866234143484, 0.5532360447267689, 0.5370015604908036, 0.5797977261257834, 0.5668447271265316, 0.5578392148167952, 0.5576929943978495, 0.5601857994682727, 0.5605664161934765, 0.5600913066898401, 0.5574053606033773, 0.5567196343310777, 0.5566126727773565, 0.5493143422772311, 0.5517560407848082, 0.5519671435117395, 0.552146837040051, 0.55207815004317, 0.5517615791649961, 0.5515484831491136, 0.5511405288743871, 0.5506012510407355, 0.5494885127499842, 0.5495958634858433, 0.5491851273701968, 0.549201166312948, 0.5492668093957266, 0.5493743009676577, 0.5495306881095945, 0.5495049352665061, 0.549780610392322, 0.5499442351469865, 0.5499608384066017, 0.5492669862516097, 0.5492370700093177, 0.5489657165071249, 0.5489316382634853, 0.5489015843482584, 0.5488720221218883, 0.5488320274631933, 0.5488820558179559, 0.5489724464383023, 0.5490384861197162, 0.54908524808515, 0.5490394897892026, 0.5491023443021346, 0.5490998823610354, 0.5490601982164546, 0.5490397052986292, 0.5489142437721176, 0.5487790622929941, 0.5485188985304755, 0.5484853552950728, 0.5484346013809033, 0.5484756052477224, 0.5484335657623504, 0.5484473034930276, 0.5485037540523037, 0.548556053099854, 0.5484801433038738, 0.548539680428596, 0.5485254134519781, 0.548356283643184, 0.5481903004756754, 0.5482205842166644, 0.5480985496234155]}