{"cost_function_value": [3.0000000000000018, 2.1431736723274635, 0.7128209619045072, 0.5081030382030628, 0.30442416984918197, 0.2089562038459267, 0.13441598506012206, 0.09328081754376448, 0.06329152038153527, 0.04559170011823419, 0.03322743533069438, 0.025687240473148125, 0.02068567483244198, 0.018153899917141312, 0.012982155889590882, 0.012317069524902701, 0.0102627677422308, 0.00750527202281849, 0.002503520052892855, 0.0008541914844288763, 0.0004574050239409423, 0.00014682306273791296, 0.00013373959627789846, 0.0001082414649369037], "gradient_norm": [1.0, 0.7048552326096696, 0.45747136232163343, 0.35762694738627415, 0.28999846285316866, 0.2269980521592223, 0.18436330169495285, 0.14530382957153376, 0.11693382856777426, 0.09220695246528647, 0.07341793585877662, 0.05794482238752205, 0.04713947805398049, 0.04308157193546819, 0.014650818321722802, 0.01368946408853771, 0.011632953490739764, 0.04162900946825076, 0.02346609462787966, 0.015130099881582624, 0.013747567014972165, 0.005037869719278857, 0.004012690495609232, 0.0005761393875035164], "stepsize": [1.0, 0.03125, 0.015625, 0.015625, 0.015625, 0.015625, 0.015625, 0.015625, 0.015625, 0.015625, 0.015625, 0.015625, 0.015625, 0.015625, 0.0078125, 0.015625, 0.03125, 0.0078125, 0.015625, 0.03125, 0.015625, 0.0078125, 0.0078125, 0.00390625], "MeshQuality": [1.0, 0.3140210937384595, 0.7083339005529274, 0.4340910959630163, 0.637327846298774, 0.47506569341333144, 0.5991314013918886, 0.49828363752690374, 0.575430724528653, 0.5121029199189274, 0.5594683516334158, 0.5197817124461321, 0.5475458617684792, 0.521984805024235, 0.5326136150694601, 0.533203101804397, 0.5307425542487166, 0.512161789975468, 0.4989988288931712, 0.47701816773176875, 0.48495923024669474, 0.48281903048620267, 0.48415671277652345, 0.48361332783620425]}