{
    "stepsize": [
        1.0,
        1.0,
        0.0078125,
        0.00390625,
        1.0,
        0.03125,
        1.0,
        1.0,
        1.0,
        0.001953125,
        1.0,
        0.00390625,
        1.0,
        0.00390625,
        0.001953125,
        1.0,
        1.0,
        0.0078125,
        0.001953125,
        1.0,
        0.001953125,
        1.0,
        1.0,
        0.0078125,
        0.00390625,
        1.0,
        0.0078125,
        1.0,
        0.0078125,
        1.0,
        0.00390625
    ],
    "no_state_solves": [
        1,
        2,
        10,
        19,
        20,
        26,
        27,
        28,
        29,
        39,
        40,
        49,
        50,
        59,
        69,
        70,
        71,
        79,
        89,
        90,
        100,
        101,
        102,
        110,
        119,
        120,
        128,
        129,
        137,
        138,
        147
    ],
    "no_adjoint_solves": [
        1,
        2,
        3,
        4,
        5,
        6,
        7,
        8,
        9,
        10,
        11,
        12,
        13,
        14,
        15,
        16,
        17,
        18,
        19,
        20,
        21,
        22,
        23,
        24,
        25,
        26,
        27,
        28,
        29,
        30,
        31
    ],
    "iteration": [
        0,
        1,
        2,
        3,
        4,
        5,
        6,
        7,
        8,
        9,
        10,
        11,
        12,
        13,
        14,
        15,
        16,
        17,
        18,
        19,
        20,
        21,
        22,
        23,
        24,
        25,
        26,
        27,
        28,
        29,
        30
    ],
    "gradient_norm_initial": [
        0.19837942549255125,
        0.19837942549255125,
        0.19837942549255125,
        0.19837942549255125,
        0.19837942549255125,
        0.19837942549255125,
        0.19837942549255125,
        0.19837942549255125,
        0.19837942549255125,
        0.19837942549255125,
        0.19837942549255125,
        0.19837942549255125,
        0.19837942549255125,
        0.19837942549255125,
        0.19837942549255125,
        0.19837942549255125,
        0.19837942549255125,
        0.19837942549255125,
        0.19837942549255125,
        0.19837942549255125,
        0.19837942549255125,
        0.19837942549255125,
        0.19837942549255125,
        0.19837942549255125,
        0.19837942549255125,
        0.19837942549255125,
        0.19837942549255125,
        0.19837942549255125,
        0.19837942549255125,
        0.19837942549255125,
        0.19837942549255125
    ],
    "relative_norm": [
        1.0,
        1.1104044490874947,
        0.9812757018348317,
        0.7283734816619838,
        0.8413856331543575,
        0.7704950534555047,
        0.8493051584188559,
        0.9092973066248661,
        1.155385731675752,
        0.7466391795496188,
        1.0278495112365416,
        0.7803059744708343,
        1.017101437446145,
        0.7563071094840005,
        0.7238061048884411,
        0.7562316058134579,
        0.8290965233561063,
        0.8645014636549514,
        0.7735017393530749,
        0.8447983936148508,
        0.8106677560362096,
        0.7673299131857672,
        0.8982590017028103,
        0.8812948741555734,
        0.6992693260742195,
        0.7866417634044337,
        0.6417461842602371,
        0.8383473430112677,
        0.761004404079821,
        0.8419850712266156,
        0.7439798572011261
    ],
    "gradient_norm": [
        0.19837942549255125,
        0.22028139667435007,
        0.19466490997979394,
        0.14449431283611366,
        0.16691359852284793,
        0.1528503660493556,
        0.16848466939499285,
        0.18038587729016514,
        0.22920475767212667,
        0.1481178514892832,
        0.20390419553190473,
        0.15479665092392947,
        0.20177199882821428,
        0.15003576987536807,
        0.14358823925577024,
        0.15002079150058326,
        0.16447569198125597,
        0.17149930369733893,
        0.1534468306703521,
        0.16759061998234426,
        0.16081980370779894,
        0.15222246734104172,
        0.1781961047013161,
        0.1748307708245129,
        0.13872064717116717,
        0.15605354109261899,
        0.12730923934558278,
        0.1663108642697821,
        0.1509676164786562,
        0.16703251470324085,
        0.14759029664958973
    ],
    "objective_value": [
        52.30236118701288,
        49.11701234256766,
        48.933768478874455,
        48.50528863154466,
        47.37614088401852,
        47.32442835548803,
        46.720141064730186,
        46.38898392226332,
        46.078163404224625,
        44.50887240977315,
        44.43983637526342,
        43.651673292645846,
        43.56783716268402,
        42.9256308978198,
        42.922769890739005,
        42.053399063092314,
        41.94346069962195,
        41.8112274704534,
        41.78743396542536,
        41.1506567164821,
        41.10346486570942,
        40.83680856587536,
        40.83055807266474,
        40.7201811706394,
        40.64818506668054,
        40.095748187018536,
        39.97244198208259,
        39.577781073420226,
        39.551219466220694,
        39.38064644964043,
        39.27328665846346
    ]
}