{"cost_function_value": [-0.010710701247112262, -0.05883321540048823, -0.06555925947427632, -0.09209476824962352, -0.09335348309009293, -0.09341891427477284, -0.09350254195036767, -0.09368835788075726, -0.09370320257967756, -0.09372497107818421, -0.093743251092094, -0.0937514083974185, -0.09375389917366547, -0.093760646275981, -0.09376323516739912, -0.09376427699319013, -0.09376488659381549, -0.09376545171719236, -0.09376566184703568], "gradient_norm": [1.0, 0.2908995832389929, 0.24583807649966252, 0.050102216974190074, 0.017142124350008326, 0.024008996414480684, 0.02028564171801183, 0.006391827502136339, 0.0158874278777165, 0.007905216384335612, 0.003867918278746168, 0.00401356702418565, 0.009219459618729864, 0.0038585887579444924, 0.0017346392995640392, 0.0016746092610135715, 0.002501516826874588, 0.0010352946493486046, 0.0008478344994198314], "stepsize": [1.0, 0.25, 1.0, 1.0, 1.0, 1.0, 1.0, 1.0, 1.0, 1.0, 1.0, 1.0, 0.25, 1.0, 1.0, 1.0, 1.0, 1.0, 1.0], "MeshQuality": [0.3126345571836947, 0.31338640490121444, 0.31430214571040627, 0.26114766501947506, 0.4179493786182257, 0.41748745185681957, 0.417132889079269, 0.41398019380195533, 0.4119807711191986, 0.4112712815177775, 0.4102326640837593, 0.40998745640471085, 0.4113281050552255, 0.41170784708569214, 0.41287525093814864, 0.41400551172235744, 0.4151629238331677, 0.4151556409709258, 0.4150745605007318], "initial_gradient_norm": 0.6341622263073308, "state_solves": 24, "adjoint_solves": 19, "iterations": 18}