{"cost_function_value": [-0.010710701247112268, -0.05883321540048832, -0.06555925947427647, -0.09209476824962344, -0.09335348344251711, -0.09341891456406722, -0.09350254210556516, -0.0936883580376533, -0.0937032031169788, -0.09372497164104886, -0.09374325165850406, -0.09375140885889142, -0.09375389921535597, -0.09376064629539069, -0.09376323517510529, -0.09376427723787659, -0.09376488654655245, -0.09376545194063392, -0.09376566201157895], "gradient_norm": [1.0, 0.2908995832389978, 0.24583807649966627, 0.050102216974184446, 0.017142126067567865, 0.024009014370675964, 0.020285643046382636, 0.006391812845088396, 0.015887220533687657, 0.00790517756015862, 0.003867896720401041, 0.00401362380444892, 0.009219713581103066, 0.0038584921424127685, 0.0017346619095926995, 0.0016745816318955514, 0.002503030620487974, 0.0010353331471732792, 0.0008478076863788182], "stepsize": [1.0, 0.25, 1.0, 1.0, 1.0, 1.0, 1.0, 1.0, 1.0, 1.0, 1.0, 1.0, 0.25, 1.0, 1.0, 1.0, 1.0, 1.0, 1.0], "MeshQuality": [0.3126345571836947, 0.3133864049012179, 0.31430214571040815, 0.2611476650194972, 0.4179493786182146, 0.4174874487302921, 0.417132883647118, 0.41398017148789246, 0.4119807433385398, 0.4112712077289039, 0.41023256376983747, 0.409987397663031, 0.4113279172623412, 0.4117075862082601, 0.41287488163004304, 0.4140052839333838, 0.41516290122873317, 0.4151554411702678, 0.4150743947957102], "initial_gradient_norm": 0.6341622263073283, "state_solves": 24, "adjoint_solves": 19, "iterations": 18}