{"cost_function_value": [-0.010710701247112235, -0.05883321540048712, -0.06555925947427488, -0.09209476824962326, -0.09335348363681004, -0.09341891474239797, -0.09350254224797062, -0.09368835816119371, -0.0937032034154878, -0.09372497195444036, -0.0937432519920967, -0.0937514091347521, -0.09375389928743495, -0.09376064635245038, -0.09376323521958473, -0.0937642773880701, -0.09376488655989615, -0.09376545207945901, -0.09376566212362064], "gradient_norm": [1.0, 0.290899583238999, 0.24583807649966244, 0.0501022169741698, 0.017142126791812155, 0.024009019658710357, 0.020285643072461897, 0.006391806937596169, 0.015887127088456236, 0.007905163380482659, 0.0038678847073335045, 0.004013645442182994, 0.009219837253530974, 0.003858445094842938, 0.0017346695785631523, 0.0016745651333861797, 0.0025037312517845597, 0.0010353518594636436, 0.0008477960118616871], "stepsize": [1.0, 0.25, 1.0, 1.0, 1.0, 1.0, 1.0, 1.0, 1.0, 1.0, 1.0, 1.0, 0.25, 1.0, 1.0, 1.0, 1.0, 1.0, 1.0], "MeshQuality": [0.3126345571836947, 0.3133864049012196, 0.314302145710416, 0.26114766501950126, 0.41794937861823894, 0.41748744900744306, 0.4171328846233271, 0.4139801759902403, 0.41198075099468595, 0.41127119768275705, 0.4102325456240306, 0.40998740373440345, 0.4113278708271017, 0.4117075084170219, 0.4128747544072336, 0.4140052210971332, 0.41516293349469396, 0.4151553931351708, 0.4150743634113191], "initial_gradient_norm": 0.6341622263073632, "state_solves": 24, "adjoint_solves": 19, "iterations": 18}