{"cost_function_value": [-0.31885247579061493, -0.38311162008718497, -0.4005260821235694, -0.4008107281310954, -0.40081184105637996, -0.40081211928882216, -0.40081225840518486], "gradient_norm": [1.0, 1.0393585131656196, 1.0703834093341977, 1.0710606131800848, 1.0710632742134703, 1.0710639394876629, 1.0710642721268782], "stepsize": [1.0, 1.0, 0.25, 0.00390625, 1.52587890625e-05, 3.814697265625e-06, 1.9073486328125e-06], "MeshQuality": [1.0, 0.835887944577165, 0.6500079617629314, 0.6452797342928788, 0.6452611273633553, 0.6452564754864117, 0.6452541495281967]}